:100000000C940F080C9440080C9440080C94400881
:100010000C9440080C9440080C9440080C94400840
:100020000C9440080C9440080C9440080C94400830
:100030000C9440080C9440080C9440080C94400820
:100040000C9440080C9440080C9440080C94400810
:100050000C9440080C9440080C9440080C94EE88D2
:100060000C9440080C946A0C0C94400C0C944008BE
:100070000C9440080C9440080C9440080C944008E0
:100080000C9440080C9440080C9440080C944008D0
:100090000C94160C0C94EC0B0C9440080C9411214D
:1000A0000C9440080C9440080C9440080C944008B0
:1000B0000C9440080C9440080C9440080C944008A0
:1000C0000C9440080C9440080C9440080C94C20B0B
:1000D0000C94980B0C9440080C946E0B0C94440BED
:1000E0000C94400805A84CCDB2D44EB93836A902BC
:1000F0000C50B9918688083CA6AAAA2ABE00000026
:10010000803F07634236B79BD8A71A39685618AEA6
:10011000BAAB558C1D3CB7CC5763BD6DEDFD753E3C
:10012000F6177231BF000000803F08000000BE9249
:100130002449123EABAAAA2ABECDCCCC4C3E00002C
:100140000080BEABAAAAAA3E00000000BF000000CB
:10015000803F0000000000084178D3BB4387D113E3
:100160003D190E3CC3BD4282AD2B3E68EC8276BE8B
:10017000D98FE1A93E4C80EFFFBE01C4FF7F3F0055
:10018000000000000C943E900C940D940C940F0908
:100190000C94A68A0C9439930C9435920C941E4FAF
:1001A0000C94B4960C9470A40C94267E0C947E242B
:1001B0000C94C1930C94FA8C0C94829D0C94EE4C8C
:1001C0000C945A8E0C94177E0C9477920C94B90868
:1001D0000C94FC130C94699E0C94BC4A0C94BF8C38
:1001E0000C942DA10C9462960C94667B0C941C8D3F
:1001F0000C941DA30C94D81C0C94307E0C948D4A46
:100200000C9465940C941D8B0C942A7E0C94F88F9E
:100210000C94B2A40C9497080C94408C0C94747BAE
:100220000C94F5A90C94E1A60C949C0F0C943BAA99
:100230000C94C6A90C94CBA60C94CC180C947A4FB1
:100240000C949AA00C9452700C94628A0C946B8B50
:100250000C94E58C0C940F7E0C9465A70C9475841B
:100260000C94B5A60C94E4180C94CF6E0C943A8CB4
:100270000C94614C0C94844D0C9489A80C94ABA8FC
:100280000C944C4F0C94FA9D0C949A7C0C943D8CDD
:100290000C9435100C9421AA0C946C8C0C94E8A24C
:1002A0000C942D8D0C94357C0C944D9F0C94AB0DBF
:1002B0000C94A3840C9475950C94F14C0C94DA84F2
:1002C0000C9489840C9444A40C94894A0C94369C14
:1002D0000C9444190C94B97C0C9456150C944F4C06
:1002E0000C940E920C942A9C0C945CA90C94C8A4B7
:1002F0000C948B940C94137E0C94670D0C94E97BF6
:100300000C94E77D0C9456940C945F4F0C948DA143
:100310000C94780D0C94460D0C94F0180C94A49049
:100320000C949B930C94AB080C94088B0C94589BE6
:100330000C942D4F0C94009A0C94CDA70C948E2401
:100340000C94ED4E0C94869B0C9454150C9402A4C2
:100350000C9488080C94359E0C9407AA0C94518C2C
:100360000C942A9B0C94797E0C94057C0C94F67D5D
:100370000C942C0F0C9482240C94BC150C94407C8F
:100380000C940B8D0C94077E0C940D7E0C94EC4B0E
:100390000C94517B0C9445A10C94FA7D0C946EBF87
:1003A0000C94D60D0C94BFAA0C94C68F0C949F8B02
:1003B0000C94589C0C944C940C949E7C0C944A90F5
:1003C0000C94ECA30C9489AA0C9488960C94207E2F
:1003D0000C941A4F0C94E6A80C94EA9B0C949595F7
:1003E0000C940F960C944B4C0C9412A60C94566FD4
:1003F0000C94E0940C947F840C9455AA0C94707B1C
:100400000C94D5950C9442080C94567E0C94169638
:100410000C944F950C940B7E0C94FA4E0C94C6845D
:100420000C94254F0C94EF7B0C9484140C944D7B0E
:100430000C94157E0C94A1A50C9432970C94C69D37
:100440000C94D60F0C942F0D0C94E36F0C94294A46
:100450000C94887B0C94877B0C9472BF0C94247E44
:100460000C944C7C0C94627B0C94EB0D0C94F89FD8
:100470000C946B0E0C94DC9E0C94B70F0C94F91832
:100480000C945B940C94174F0C944FA70C94BF0DD5
:100490000C940DA70C94CF8A0C947A7B0C94A98EA3
:1004A0000C94A8900C94E4840C94634D0C947D0DF2
:1004B0000C940A6F0C94A54D0C9430980C94C88A37
:1004C0000C9491840C94839E0C94A9100C946192CA
:1004D0000C94069C0C94C2A90C940C8F0C94A094C0
:1004E0000C94B9910C94094C0C947C900C94F38A64
:1004F0000C94557B0C9459A30C949FAA0C9423A79D
:100500000C9480700C94E09E0C946FA30C94339523
:100510000C9499A70C9421A90C94598A0C944F9E81
:100520000C948F4B0C94E27D0C94F14A0C946C7BF0
:100530000C94587C0C946A970C94B5AA0C948C7B00
:100540000C94FE130C948C0D0C9460940C949FA648
:100550000C94F7A60C9424700C945C7B0C94BF90C4
:100560000C9408920C94FF0E0C940B7C0C942B9F13
:100570000C94E89D0C9443490C948A0D0C94FB8FC9
:100580000C94D89C0C9466840C9484240C947E1A4D
:100590000C94FA0D0C9486A40C94C27C0C9442A288
:1005A0000C94117E0C94CC9B0C94D07C0C94550D27
:1005B0000C94DE8A0C9438940C94E7A70C942114C4
:1005C0000C9452150C943D940C9468900C94C89B18
:1005D0000C940E140C94AC9C0C949E0D0C949E9652
:1005E0000C94634F0C945F9F0C9475A10C94269C03
:1005F0000C94FF130C940B920C945AA40C943B9FF4
:100600000C947E7B0C949D8C0C94424D0C945194D4
:100610000C947D4F0C94564C0C943E9D0C94E1919F
:100620000C94E84A0C946B840C9445A80C945514D3
:100630000C94EE910C9475930C943BA30C9485A3AD
:100640000C94AD840C948E190C94827B0C9467A846
:100650000C94FB7B0C9411950C945DA10C94139F4E
:100660000C949BA30C94BC900C94B49B0C94B07C05
:100670000C94F2AA0C94678C0C94047E0C949D4A02
:100680000C945F840C947E7C0C9427190C94017E4E
:100690000C944EA60C94534C0C9420900C94CAA924
:1006A0000C945C090C94347E0C9480240C94CE9AA7
:1006B0000C94A29A0C94DB7D0C94144F0C94197E2C
:1006C0000C94EF890C947C8B0C94FB910C942E4A27
:1006D0000C9489A60C9499840C94C64E0C942A7C94
:1006E0000C94FC9A0C94597B0C9437A50C9435937C
:1006F0000C94967C0C94328B0C94EF920C94C90E53
:100700000C948B0E0C94910D0C94760D0C94528AD3
:100710000C949C6F0C9423A80C949A900C94429483
:100720000C9447940C941C9D0C941F7C0C94327E6A
:100730000C947A9C0C94097E0C943D930C947D8CC3
:100740000C9428100C943A4A0C94E7930C94D6A578
:100750000C94764F0C94FA9C0C94EC7D0C9433948E
:100760000C94948F0C94AD4A0C94F4A50C9439A776
:100770000C940F150C94844F0C94BE9B0C94D48C49
:100780000C942A0D0C94857E0C94D0840C94229C9D
:100790000C942EA40C9401A80C94DE960C94420E9A
:1007A0000C94A57E0C94FB9E0C946CA50C94A10952
:1007B0000C94C97C0C94524A0C943C960C94287E60
:1007C0000C947CA20C943A8D0C94D67D0C94469398
:1007D0000C940C4C0C94A00D0C94594C0C948D8BD7
:1007E0000C9455240C94609D0C94AE8C0C94477B17
:1007F0000C94AD990C94064C0C949CA40C94628CB3
:100800000C94B3A70C94D09B0C945A990C94074F5A
:100810000C941F4D0C947B7C0C94B1A30C94B78466
:100820000C94F57B0C94EE840C9418A40C94FD139A
:100830000C945C930C9430A60C94898C0C94564BBD
:100840000C94C84A0C942D8F0C944B920C94D68A1D
:100850000C94928A0C9402A50C94A49D0C94804F45
:100860000C944F150C94D89E0C947FA70C94F8848C
:100870000C9428140C94C64D0C94EB4C0C940897D3
:100880000C943B9A0C94A98D0C94704A0C94B89AD1
:100890000C9479240C94FD7D000000006410B71DB9
:1008A000C8206E3BAC30D9269041DC76F4516B6B9E
:1008B0005861B24D3C7105502083B8ED44930FF060
:1008C000E8A3D6D68CB361CBB0C2649BD4D2D38616
:1008D00078E20AA01CF2BDBD57616E642053796EA8
:1008E0006368726F6E697A656400526563762E2064
:1008F00057616E6420536D6F6B652050726566732F
:1009000000526563762E2057616E6420436F6E66D9
:10091000696720507265667300526563762E2057B2
:10092000616E6420446174613A2000526563762EE2
:100930002057616E6420436F6D6D616E643A2000D4
:10094000536176696E6720536D6F6B6520507265D9
:10095000666572656E63657300536176696E6720C4
:1009600057616E6420507265666572656E6365736B
:1009700000436F6D706C657465642075706461749C
:1009800065206F66207061636B2073657474696E97
:1009900067730052756E6E696E672075706461745E
:1009A000652066756E6374696F6E732E2E2E00550A
:1009B00070646174696E6720706F7765722063651B
:1009C0006C6C207661726961626C65732E2E2E00EC
:1009D0005570646174696E6720696E6E657220631C
:1009E00079636C6F74726F6E207661726961626C8C
:1009F00065732E2E2E005570646174696E67206FCA
:100A000075746572206379636C6F74726F6E207693
:100A100061726961626C65732E2E2E00557064617F
:100A200074696E672067656E6572616C20766172AD
:100A30006961626C65732E2E2E00536176696E6754
:100A4000205061636B20507265666572656E6365E8
:100A50007300526563762E20536D6F6B6520436F74
:100A60006E66696700526563762E2057616E64205A
:100A7000436F6E66696700526563762E205061632E
:100A80006B20436F6E66696700526563762E204166
:100A90007474656E7561746F72204D6573736167F0
:100AA000653A2000526563762E20417474656E7538
:100AB00061746F7220436F6D6D616E643A2000B88F
:100AC0000BB80BAC0DAC0DA00F3075983A10274C3D
:100AD0001D70173D00640165016601670100010298
:100AE000030405060708090A0B0C0D0E000102039A
:100AF0000405060708090A0B0C0E0D0C0B0A090861
:100B000007060504030201000C0B0A090807060585
:100B10000403020100417474656E7561746F722084
:100B200053796E6320456E6400417474656E75611F
:100B3000746F722053796E63205374617274005421
:100B400068656D65206368616E67656420746F20F9
:100B500046726F7A656E20456D7069726520283225
:100B600030323429005468656D65206368616E67B2
:100B7000656420746F2041667465726C69666520D7
:100B8000283230323129005468656D652063686110
:100B90006E67656420746F204742322028313938EF
:100BA0003929005468656D65206368616E67656406
:100BB00020746F20474231202831393834290041D0
:100BC0007474656E7561746F722053796E636872A8
:100BD0006F6E697A65640047657474696E6720504A
:100BE00061636B20507265666572656E6365730044
:100BF00047657474696E6720536D6F6B6520507222
:100C000065666572656E63657300436F6D6D616ED9
:100C10006420746F2057616E643A200057616E64DF
:100C20002053796E6320456E640057616E642053D3
:100C3000796E63205374617274004E6F2041756445
:100C4000696F20446576696365005761726E696EED
:100C5000673A205253505F53595354454D5F494EA4
:100C6000464F206E6F7420726563656976656421F6
:100C7000005573696E672057415620547269676743
:100C80006572005573696E67204750537461722016
:100C9000417564696F2056657273696F6E3A200002
:100CA000436F6E66696775726520506F7765722055
:100CB0004D6574657200556E61626C6520746F20BD
:100CC00066696E6420706F776572206D6F6E6974EF
:100CD0006F72696E6720646576696365206F6E2048
:100CE0006932632E20506F776572206D657465726E
:100CF0002066656174757265732077696C6C20621B
:100D0000652064697361626C65642E00506F77655D
:100D100072204D6574657220526573756C743A204B
:100D200000496E697420706F776572206D65746517
:100D3000722E2E2E004552524F523A204E6F206393
:100D4000616C6C6261636B20617661696C61626C7D
:100D50006520666F72207061636B65742049442062
:100D6000005761726E696E673A2043616C63756CFF
:100D700061746564206D7573696320636F756E744B
:100D80002065786365656473206D6178696D756D44
:100D900020706F737369626C653B205344206361FC
:100DA000726420636F7272757074696F6E206C6903
:100DB0006B656C7921005761726E696E673A2054D9
:100DC0007261636B20636F756E7420646F6573204E
:100DD0006E6F74206D61746368206669726D7761EF
:100DE00072652120506C6561736520757064617453
:100DF0006520746865206D6963726F534420636178
:100E0000726420736F756E642065666665637473C3
:100E10002E000102030405060708090A0B0C0D0E3B
:100E20000F101112131415161718191A1B1C1D1E5A
:100E30001F2021222324252627280102030405063A
:100E4000070809000A0B0C0D0E0F101112001314E5
:100E500015161718191A1B001C1D1E1F20212223EE
:100E60002400010203040500000000000607080931
:100E70000A00000000000B0C0D0E0F000000000027
:100E80001011121314000000000001020300000002
:100E90000000000004050600000000000000070834
:100EA00009000000000000000A0B0C000000000018
:100EB000000001000000000000000000020000002F
:100EC000000000000000030000000000000000001F
:100ED00004000000000000000000001C120A041FB3
:100EE000160D02110C07010A0704000A121C040D5A
:100EF000161F02070C110104070A0000210024003C
:100F000027002A002D0030003300010100000401F9
:100F100007010A0100002200250028002B002E00F6
:100F20003100340002010000050108010B0100003E
:100F300020002300260029002C002F003200000191
:100F4000000003010601090105050505070508085C
:100F50000808020202020A0A080804040404010143
:100F60000101010101010303030303030303040758
:100F700007070C0C0C0C0C0C0C0C020202020606EF
:100F80000606060606060B0B0B0B0B0B0B0B0102E2
:100F9000102020080810204010204080020102018B
:100FA0000804020101020408102040808040201043
:100FB000080402018004020180402010080402019C
:100FC0000804020101020408102040800102040804
:100FD0001020408000000A0B02090C0D0E080703C8
:100FE00004010000000000000000000000000000FC
:100FF00000000000000000000000000000000000F1
:1010000012111000000000000000000000000000AD
:101010000000000000000000000072BF6EBF11243D
:101020001FBECFEFD1E2DEBFCDBF00E00CBF13E0AB
:10103000A0E0B2E0E4EAF7E901E00BBF02C00790EC
:101040000D92A03EB107D9F729E1A0EEB3E001C0AF
:101050001D92A73AB207E1F718E0CEE0D8E000E031
:1010600006C021970109802FFE010E942AC6CD30BB
:10107000D10780E00807A9F70E9438890C94C0CBFB
:101080000C940000AF92BF92CF92DF92EF92FF924A
:101090000F931F93CF93DF936C017B018B01040FA0
:1010A000151FEB015E01AE18BF08C017D10759F03C
:1010B0006991D601ED91FC910190F081E02DC6017E
:1010C0001995892B79F7C501DF91CF911F910F9168
:1010D000FF90EF90DF90CF90BF90AF900895FC010C
:1010E000A089B1898C91A689B78982FD0FC09C9196
:1010F000818D8F5F8F73228D821749F0A18DAE0F86
:10110000BF2FB11D5D969C93818F08958C9108959A
:10111000FC01538D448D252F30E0842F90E0821BFD
:10112000930B541710F0CF96089501970895FC0182
:10113000918D828D981761F0A28DAE0FBF2FB11DDA
:101140005D968C91928D9F5F9F73928F90E0089532
:101150008FEF9FEF0895FC01918D828D981731F0EC
:10116000828DE80FF11D858D90E008958FEF9FEF40
:101170000895FC01918D228D892F90E0805C9F4F16
:10118000821B91098F739927089581EA97E00E9445
:10119000B90821E0892B09F420E0822F08958EE31D
:1011A00098E00E94B90821E0892B09F420E0822F01
:1011B00008958BED98E00E94B90821E0892B09F48D
:1011C00020E0822F089588E799E00E94B90821E085
:1011D000892B09F420E0822F0895FC01A48DA80F2B
:1011E000B92FB11DA35ABF4F2C91848D90E0019669
:1011F0008F739927848FA689B7892C93A089B18989
:101200008C91837080648C93938D848D981306C029
:101210000288F389E02D80818F7D80830895EF928D
:10122000FF920F931F93CF93DF93EC0181E0888FA0
:101230009B8D8C8D98131AC0E889F989808185FF70
:1012400015C09FB7F894EE89FF896083E889F98912
:1012500080818370806480839FBF81E090E0DF9114
:10126000CF911F910F91FF90EF900895F62E0B8D67
:1012700010E00F5F1F4F0F731127E02E8C8D8E1122
:101280000CC00FB607FCFACFE889F989808185FF89
:10129000F5CFCE010E94ED08F1CFEB8DEC0FFD2FC5
:1012A000F11DE35AFF4FF0829FB7F8940B8FEA8944
:1012B000FB8980818062CFCFCF93DF93EC01888D53
:1012C0008823B9F0AA89BB89E889F9898C9185FDC1
:1012D00003C0808186FD0DC00FB607FCF7CF8C914F
:1012E00085FFF2CF808185FFEDCFCE010E94ED0812
:1012F000E9CFDF91CF91089580E090E0892B29F02C
:101300000E94E30881110E94000080E090E0892B98
:1013100029F00E94D90881110E94000080E090E02D
:10132000892B29F00E94CF0881110E94000080E0E3
:1013300090E0892B29F00E94C50881110C940000CF
:1013400008950E94ABCB0F931F93CF93DF93EC01D3
:1013500088819981009759F02A813B8126173707A8
:1013600030F081E0DF91CF911F910F9108958B01B3
:101370006F5F7F4F0E94CACA009759F09983888394
:101380001B830A832C813D81232B59F7FC0110829A
:10139000E8CF80E0E7CFCF93DF93EC01888199819C
:1013A000009711F00E9441CA198218821D821C8286
:1013B0001B821A82DF91CF9108958F929F92AF92F4
:1013C000BF92CF92DF92EF92FF92CF93C42F9B01F7
:1013D000AC010E9461C66B017C016C2F70E090E053
:1013E00080E00E944EC44B015C0120E030E040E808
:1013F0005FE3C701B6010E9449C487FF16C0A5017B
:101400009401C701B6010E94B7C720E030E040E078
:101410005FE30E94AFC4CF91FF90EF90DF90CF9039
:10142000BF90AF909F908F900895A701960160E0C4
:1014300070E080E090E40E9460C6A50194010E94E3
:10144000B7C79F7720E030E040E05FE30E94AFC481
:101450009B01AC0160E070E080E89FE30E9460C601
:10146000DACFEF92FF920F931F93CF93DF93EC01AC
:10147000FB01E080F180E114F10411F10481158198
:1014800001151105A9F08C819D81080F191FB80164
:10149000CE010E94A309882399F0288139818C818B
:1014A0009D81B701820F931F0E94B9CB1D830C83CE
:1014B000CE01DF91CF911F910F91FF90EF90089592
:1014C000CE010E94CB09F4CFEF92FF920F931F93AE
:1014D000CF93DF93EC017B018A01BA010E94A3093B
:1014E00081110BC0CE010E94CB09CE01DF91CF91BB
:1014F0001F910F91FF90EF9008951D830C83B7010A
:10150000888199810E94B9CBF0CFFC0180819181C3
:10151000009711F00C9441CA0895EF92FF920F9337
:101520001F93CF93DF93EC018B01198218821B82EA
:101530001A821D821C82CB010E9416C47C01BC0150
:10154000CE010E94A309811109C0CE01DF91CF9184
:101550001F910F91FF90EF900C94CB09FD82EC82CC
:10156000B80188819981DF91CF911F910F91FF90F0
:10157000EF900C940FC4FB01DC0111961C921E929B
:1015800013961C921E92129715961C921E921497F7
:101590008617970749F0608171816115710521F007
:1015A000448155810C94640A0895FB010190002048
:1015B000E9F73197AF01461B570BDC01ED91FC9128
:1015C0000280F381E02D19948F929F92AF92BF9287
:1015D000EF92FF920F931F93CF93DF93CDB7DEB7B8
:1015E000A1970FB6F894DEBF0FBECDBF7C01FA0104
:1015F000CB0119A2223008F42AE08E010F5D1F4FA3
:10160000822E912CB12CA12CBF01A50194010E9426
:10161000B5C5F901CA016A300CF5605DD8016E9359
:101620008D01232B242B252B79F790E080E0109758
:1016300021F0BD01C7010E94D50AA1960FB6F8940A
:10164000DEBF0FBECDBFDF91CF911F910F91FF90F5
:10165000EF90BF90AF909F908F900895695CDECF20
:101660000F931F93CF93DF93EC010E94D50A8C0157
:1016700063E773E0CE010E94D50A800F911FDF91CE
:10168000CF911F910F9108951F920F920FB60F9255
:1016900011240BB60F922F933F934F935F936F9349
:1016A0007F938F939F93AF93BF93EF93FF9381EAC1
:1016B00097E00E94ED08FF91EF91BF91AF919F914C
:1016C0008F917F916F915F914F913F912F910F90EB
:1016D0000BBE0F900FBE0F901F9018951F920F9288
:1016E0000FB60F9211240BB60F922F933F934F9387
:1016F0005F936F937F938F939F93AF93BF93EF937A
:10170000FF9381EA97E00E946F08FF91EF91BF91EC
:10171000AF919F918F917F916F915F914F913F9189
:101720002F910F900BBE0F900FBE0F901F9018952A
:101730001F920F920FB60F9211240BB60F922F9398
:101740003F934F935F936F937F938F939F93AF9349
:10175000BF93EF93FF938EE398E00E94ED08FF9113
:10176000EF91BF91AF919F918F917F916F915F9119
:101770004F913F912F910F900BBE0F900FBE0F9086
:101780001F9018951F920F920FB60F9211240BB64F
:101790000F922F933F934F935F936F937F938F930A
:1017A0009F93AF93BF93EF93FF938EE398E00E94D4
:1017B0006F08FF91EF91BF91AF919F918F917F91B2
:1017C0006F915F914F913F912F910F900BBE0F90B2
:1017D0000FBE0F901F9018951F920F920FB60F9289
:1017E00011240BB60F922F933F934F935F936F93F8
:1017F0007F938F939F93AF93BF93EF93FF938BED63
:1018000098E00E94ED08FF91EF91BF91AF919F91F9
:101810008F917F916F915F914F913F912F910F9099
:101820000BBE0F900FBE0F901F9018951F920F9236
:101830000FB60F9211240BB60F922F933F934F9335
:101840005F936F937F938F939F93AF93BF93EF9328
:10185000FF938BED98E00E946F08FF91EF91BF918D
:10186000AF919F918F917F916F915F914F913F9138
:101870002F910F900BBE0F900FBE0F901F901895D9
:101880001F920F920FB60F9211240BB60F922F9347
:101890003F934F935F936F937F938F939F93AF93F8
:1018A000BF93EF93FF9388E799E00E94ED08FF91C3
:1018B000EF91BF91AF919F918F917F916F915F91C8
:1018C0004F913F912F910F900BBE0F900FBE0F9035
:1018D0001F9018951F920F920FB60F9211240BB6FE
:1018E0000F922F933F934F935F936F937F938F93B9
:1018F0009F93AF93BF93EF93FF9388E799E00E9484
:101900006F08FF91EF91BF91AF919F918F917F9160
:101910006F915F914F913F912F910F900BBE0F9060
:101920000FBE0F901F9018950F931F93CF93DF93C7
:10193000DC01EB014D915D916D917C911397E881F4
:10194000E427EF7084E0E89FF0011124E856F74F98
:10195000059115912591349184E076956795579579
:1019600047958A95D1F740275127622773274D93D2
:101970005D936D937C931397E881E295EF70E42774
:10198000EF7084E0E89FF0011124E856F74F0591CD
:1019900015912591349194E07695679557954795E3
:1019A0009A95D1F740275127622773274D935D936E
:1019B0006D937C931397DF91CF911F910F910895B1
:1019C0008F929F92AF92BF92CF92DF92EF92FF924F
:1019D000CF93DF936B017C01EA0120E030E0A901A5
:1019E0000E9449C4882309F469C120E030E040E83E
:1019F0005FE3C701B6010E9449C4882309F45EC1B0
:101A0000FE013297EE31F10508F058C18827E45FF6
:101A1000F24F8F4F0C942AC62A0D2F0D460D550DEF
:101A2000670D760D780D7D0D8A0D8C0D910D9E0D37
:101A3000A00DAB0DBF0DD60DEB0DFA0D420E6B0ECA
:101A40008B0EC90EFF0E2C0F9C0FB70FD60F281050
:101A50003510A910A7019601C701B601A4C0A701BE
:101A6000960160E070E080E89FE30E9460C69B0101
:101A7000AC010E94AFC49B01AC0160E070E080E863
:101A80009FE30E9460C66B017C0118C142E0C70160
:101A9000B601DF91CF91FF90EF90DF90CF90BF9094
:101AA000AF909F908F900C94DD0920E030E040E4EF
:101AB00050E4C701B601DF91CF91FF90EF90DF9026
:101AC000CF90BF90AF909F908F900C94B7C7A70115
:101AD000960160E070E080E89FE30E9460C620E02D
:101AE00030E040E450E40E94B7C7C5CF43E0CFCF19
:101AF00020E030E040E850E4DCCFA701960160E050
:101B000070E080E89FE30E9460C620E030E040E89B
:101B100050E4E9CF44E0BBCF20E030E040EA50E4BD
:101B2000C8CFA701960160E070E080E89FE30E94C3
:101B300060C620E030E040EA50E4D5CF45E0A7CFD2
:101B40002BED3FE049EC5FE3C701B6010E94AFC453
:101B50000E94CDC690CF2BED3FE049EC5FE3C7017B
:101B6000B6010E94AFC4DF91CF91FF90EF90DF905C
:101B7000CF90BF90AF909F908F900C9407C82BEDA3
:101B80003FE049E450E4C701B6010E94AFC40E949F
:101B9000CDC620E030E040E85FE30E9460C620E070
:101BA00030E040E05FEB0E94AFC46DCF20E030E05A
:101BB00040E85FE3C701B6010E9460C620E030E064
:101BC00040E251E40E94AFC49B01AC0160E070E0D0
:101BD00080E090E470CF20E030E040E251ECC701BB
:101BE000B6010E94AFC49B01AC0160E070E080E0F0
:101BF00090E479CFA7019601C701B6010E9461C6A2
:101C00004B015C0120E030E040E85FE30E9460C6E9
:101C10006B017C0120E030E040E85FE3C501B401E6
:101C20000E9449C487FF15C020E030E040E251E443
:101C3000C701B6010E94AFC49B01AC0160E070E037
:101C400080E090E40E94B7C720E030E040E05FE32E
:101C5000AACF20E030E040E251ECC701B6010E947B
:101C6000AFC49B01AC0160E070E080E090E40E94B2
:101C7000B7C79B01AC0160E070E080E090E40E9497
:101C800060C6E2CFA7019601C701B6010E94AFC4AA
:101C90009B01AC0160E070E080E89FE30E9460C6B9
:101CA0000E9415C820E030E040E85FE30E9460C673
:101CB0006B017C01F7FAF094F7F8F094C701B601D4
:101CC000DF91CF91FF90EF90DF90CF90BF90AF90DA
:101CD0009F908F90089520E030E040E85FE3C701D7
:101CE000B6010E9460C69B01AC010E94AFC49B017B
:101CF000AC0160E070E080E89FE30E9460C6DF9185
:101D0000CF91FF90EF90DF90CF90BF90AF909F90DA
:101D10008F900C9415C8A7019601C701B6010E94C7
:101D200061C66B017C0120E030E040E85FE30E9487
:101D300049C487FF11C0A7019601C701B6010E94DF
:101D4000AFC49B01AC0160E070E080E89FE30E94BB
:101D500060C60E9415C81DCF20E030E040E050E48E
:101D6000C701B6010E9460C69B01AC010E94AFC4CE
:101D70009B01AC0160E070E080E89FE30E9460C6D8
:101D80000E9415C820E030E040E85FE30E9461C691
:101D90005BCF20E030E040E85FE3C701B6010E947E
:101DA00060C64B015C0120E030E040E251E40E945B
:101DB000AFC49B01AC0160E070E080E090E40E9461
:101DC000B7C76B017C0127E636E646EE5DE3C50149
:101DD000B4010E9460C62BED3FE049EC50E40E9444
:101DE000AFC427E636E646EE5EE30E94D2C60E9406
:101DF00007C89B01AC01C701B6019058D4CE20E0C2
:101E000030E040E251ECC701B6010E94AFC49B0133
:101E1000AC0160E070E080E090E40E94B7C74B0145
:101E20005C012AE939E949E95DE3C701B6010E948D
:101E300060C62BED3FE049EC50E40E94AFC42AE9B4
:101E400039E949E95EE30E94D2C60E9407C89B01B6
:101E5000AC01C501B40167C0A7019601C701B60175
:101E60000E9461C620E030E040E85FE30E9460C667
:101E70006B017C0127E636E646EE5DE30E9460C614
:101E80002BED3FE049EC50E40E94AFC427E636E674
:101E900046EE5EE30E94D2C60E9407C84B015C0179
:101EA00020E030E040E85FE3C701B6010E9461C670
:101EB00020E030E040E85FE30E9449C487FF19C09A
:101EC00020E030E040E251E4C701B6010E94AFC417
:101ED0009B01AC0160E070E080E090E40E94B7C735
:101EE00020E030E040E05FEB0E94AFC4A501940128
:101EF0005ACE20E030E040E251ECC701B6010E942A
:101F0000AFC49B01AC0160E070E080E090E40E940F
:101F1000B7C79B01AC01C501B4010E94AFC420E06A
:101F200030E040E05FE30E94AFC420E030E040E8F2
:101F30005FE30E9461C6A7CD20EB36EE4CE250E491
:101F4000C701B6010E94AFC420E63DEC49ED5FE356
:101F50000E9460C64B015C01A7019601C701B60152
:101F60000E94AFC49B01AC01C501B4011CCE20E0AE
:101F700030E040E85FE3C701B6010E9460C66B0134
:101F80007C0120EB36EE4CE250E40E94AFC420E628
:101F90003DEC49ED5FE30E9461C64B015C01A70186
:101FA0009601C701B6010E94AFC451CFA7019601A7
:101FB000C701B6010E9461C66B017C0120E030E0E0
:101FC00040E85FE30E9449C487FF1DC020E030E085
:101FD00040E05FE3C701B6010E94AFC4A7019601CC
:101FE0000E94AFC44B015C012FEF32E146E650E4A2
:101FF000C701B6010E94AFC42FEF32E146E250E4C0
:102000000E9460C6AFCF20E030E040E050E4C7015E
:10201000B6010E9460C66B017C0120E030E040E028
:102020005FE30E94AFC4A70196010E94AFC44B01B9
:102030005C012FEF32E146E650E4C701B6010E9491
:10204000AFC42FEF32E146E250E40E9461C6FFCEFA
:10205000A701960160E070E080E89FE30E9460C6FF
:102060004EE150E00E94E00C06CD2CE83EE24AEB47
:102070005EE3C701B6010E9449C487FF0BC020E0A0
:1020800030E042EF50E4C701B6010E94AFC49B01AB
:10209000AC01E2CC2CE83EE24AE35FE3C701B601C3
:1020A0000E9449C487FF19C029EE32EA4BE05FE382
:1020B000C701B6010E9460C66B017C0120E030E0E0
:1020C00042EF50E40E94AFC4A70196010E94AFC442
:1020D00020E030E040E45FE32CCF2FE23AEB48E62B
:1020E0005FE3C701B6010E9449C487FF19C02DE50F
:1020F00034E741E55FE3C701B6010E9460C66B01AA
:102100007C0120E030E042EF50E40E94AFC4A70120
:1021100096010E94AFC420E030E040E75FE309CFC2
:1021200027E13DE544E75FE3C701B6010E9460C6D1
:102130006B017C0120E030E042EF50E40E94AFC42C
:10214000A70196010E94AFC420E030E04CE75FE3B6
:10215000F0CEA7019601C701B6010E9461C64B01EE
:102160005C0120E030E040E05FE3C701B6010E947F
:1021700049C487FF07C04DE150E0C501B4010E948A
:10218000E00C62CD20E030E040E85FE3C501B4013F
:102190000E9460C64EE150E00E94E00C20E030E07A
:1021A00040E05FE30E94AFC420E030E040E05FE346
:1021B000C0CE0F931F93FC01828D938D009781F405
:1021C00081E00081118122813381448155816681C2
:1021D0007781041715072607370769F080E00BC0E1
:1021E0000197E1F781E04081518162817381452B44
:1021F000462B472B99F71F910F910895CF92DF92AD
:10220000EF92FF920F931F93CF93DF93EC0169013D
:102210007A018E859F85998B888B7B8B6A8B198F32
:10222000088FCC82DD82EE82FF820E94D28768878F
:1022300079878A879B87CD28CE28CF2821F48A8961
:102240009B899F878E87188219821A821B821B8E18
:102250001A8E1F8A1E8A1D8A8E859F85DF91CF91D7
:102260001F910F91FF90EF90DF90CF9008950F9303
:102270001F9310E000E020E030E0A9010E94FE1072
:102280001F910F9108952F923F924F925F926F92FC
:102290007F928F929F92AF92BF92CF92DF92EF92F6
:1022A000FF920F931F93CF93DF93CDB7DEB7629763
:1022B0000FB6F894DEBF0FBECDBF9A8B898BDC01C1
:1022C00054968C9154978111C9C01C964D905C9086
:1022D000712C612C60E070E0CB0121E0A989BA8902
:1022E00058962D903C9059972114310409F498C0C8
:1022F000222309F495C0FD01608771878287938747
:10230000CD010E94D910882371F0A989BA89569607
:102310008D919C918230910509F4C1C008F0B9C03B
:10232000019709F4CDC0E989FA898589811178C0BE
:1023300004811581268137810D871E872F87388B71
:10234000828D938D009709F4D4C0019709F42AC1B6
:10235000E989FA89E288F3880D851E852F853889F9
:10236000012B022B032B09F488C1C088D188CE141D
:10237000DF0409F482C160817181828193810E94AE
:102380004EC44B015C016D857E858F8598890E94C6
:102390004EC49B01AC01C501B4010E94D2C6A1018B
:1023A0000E94E00C4B015C012601712C612CEC14A5
:1023B000FD0408F43EC1EC18FD08B70190E080E090
:1023C0000E944EC4A50194010E94AFC46B017C0120
:1023D000C301B2010E944EC49B01AC01C701B6010A
:1023E0000E9461C66B017C0120E030E0A9010E94DF
:1023F00049C487FD36C120E03FEF4FE757E4C701EE
:10240000B6010E94B2C718160CF42FC1C701B6015D
:102410000E9444C7A989BA891F967C936E931E9720
:10242000A989BA891E968D919C9162960FB6F894EF
:10243000DEBF0FBECDBFDF91CF911F910F91FF90F7
:10244000EF90DF90CF90BF90AF909F908F907F9054
:102450006F905F904F903F902F9008950E94D28789
:10246000E989FA89C084D184E284F3842B013C0198
:102470004C185D086E087F08C484D584F12CE12CCB
:1024800021E04C145D046E047F0408F027CF20E0A7
:1024900025CF84309105D9F0059709F044CFA9895B
:1024A000BA895A968D919C910097E1F0019709F0B5
:1024B0003ACFA989BA895B961C921E925A9733CF5C
:1024C000E989FA8910821182128213822CCFE9895C
:1024D000FA8984819581A681B78180839183A283C3
:1024E000B38321CF81E090E0E989FA89938F828FCD
:1024F0001ACFA989BA890D911D912D913C911397FD
:1025000009871A872B873C87A9019A014B833C8353
:10251000530198014B815C8160E070E080E090E0C5
:102520006B82BC825201CB80DC80E12CF12C00E07C
:1025300010E00E9439C6F9010D851E852F85388966
:1025400048015901C12CD12C76019F0189829A82C0
:10255000AB82BC82CD82DE82EF82F8865401CB80D2
:10256000DC80E12CF12C00E010E00E944BC674F4FA
:1025700029853A854B855C85420E531E641E751E67
:102580004D925D926D927C921397E2CE0D851E85E1
:102590002F853889A989BA890D931D932D933C9372
:1025A0001397D6CEA989BA890D911D912D913C9191
:1025B00009871A872B873C87A9019A014B833C83A3
:1025C00053014201C12CD12C760198014B815C81D1
:1025D00060E070E080E090E049829A826B82BC8289
:1025E000CD82DE82EF82F8865201CB80DC80E12C46
:1025F000F12C00E010E00E9442C6A0E00E9454C608
:1026000081F07CF089859A85AB85BC858419950914
:10261000A609B709E989FA8980839183A283B383E4
:1026200097CEA989BA891D921D921D921C9213976B
:102630008FCEC301B6010E944EC42B013C01CE18BF
:10264000DF08B60190E080E00E944EC4A50194012D
:102650000E94AFC49B01AC01C301B2010E9460C6DD
:10266000C1CEC12CD12C7601D1CEC12CDD24DA947F
:102670008FE7E82E87E4F82EC9CEE989FA89F78634
:10268000E686CECE0F931F93FC018789908D00972D
:1026900081F481E00081118122813381448155815F
:1026A00066817781041715072607370769F080E0F0
:1026B0000BC00197E1F781E0408151816281738114
:1026C000452B462B472B99F71F910F910895CF93D8
:1026D000DF93EC010E944213811106C08A8991E0C8
:1026E0008927DF91CF91089580E0FBCFCF92DF92D1
:1026F000EF92FF920F931F93CF93DF93EC01690149
:102700007A018E858F87688B1E8B0D8BCC82DD8244
:10271000EE82FF820E94D287688779878A879B87AB
:10272000CD28CE28CF2811F488898E871882198267
:102730001A821B82188E1F8A1C8A1B8A1A8A8E850F
:10274000DF91CF911F910F91FF90EF90DF90CF908D
:1027500008950F931F9310E000E020E030E0A901FE
:102760000E9476131F910F910895FA018081815084
:10277000982F9F3FC9F0292F30E0FB01E20FF31F94
:1027800040814E3711F09150F4CF8F3F69F0482FC0
:1027900050E0FB01E40FF51F90819E3719F4281BD0
:1027A0002083282F8150F1CF08952091E706260F2E
:1027B0003327331F21323105ECF420916007FC01EF
:1027C00090E080E0243069F082E00895A091E7066F
:1027D0002191AC014B53594FA40FB52FB11D2C9330
:1027E0000196861798F38091E706680F6093E706D5
:1027F00080E0089581E00895089508950895E09196
:10280000190780911807E81730F4F0E0E65EF84FFA
:10281000808190E008958FEF9FEF089590911907C0
:10282000809118072FEF3FEF981748F4E92FF0E059
:10283000E65EF84F208130E09F5F90931907C90151
:1028400008958091180790911907891B990B089595
:10285000CF92DF92EF92FF920F931F93CF93DF936C
:102860007C01CB018A0120918807222389F0EB01AA
:102870006B01C40ED51ECC15DD0569F06991D70139
:10288000ED91FC910190F081E02DC7011995F3CFF6
:10289000642F0E94D513C801DF91CF911F910F9132
:1028A000FF90EF90DF90CF900895CF93DF931F922A
:1028B000CDB7DEB76983209188072223F9F02091F4
:1028C0008607203258F021E030E0FC013383228378
:1028D00090E080E00F90DF91CF910895809187077D
:1028E000E82FF0E0EA59F84F998190838F5F809349
:1028F00087078093860781E090E0ECCF61E0CE010E
:1029000001960E94D513F7CF90E080E00895AF9232
:10291000BF92CF92DF92EF92FF920F931F93CF93CC
:10292000DF9300D0CDB7DEB75A0119821A821B821D
:10293000882361F18B01E1E0F0E0E82EF12CD80171
:102940002D918D012223F1F06F01B1E0CB1AD10856
:10295000D501AC0DBD1D4C914423A1F030E02F5F9B
:102960003F4FD7010E94D7C5A42FB0E011969B011D
:10297000AC010E94A2C5A1E0B0E0AC0FBD1FAC0D40
:10298000BD1D8C933196E430F105C9F669817A81D9
:102990008B810F900F900F90DF91CF911F910F912E
:1029A000FF90EF90DF90CF90BF90AF900895FC0123
:1029B0008CE293E091838083138212828FEF86836F
:1029C0008783808781878287838781E08487858763
:1029D0001786168680E797E1918B808B83E090E0E5
:1029E000938B828B158A148A1582148280919F079B
:1029F0009091A007892B21F4F093A007E0939F0703
:102A0000A091C206B091C306109721F01596FC93D1
:102A1000EE931497F093C306E093C206089581E005
:102A200090E008950F931F93CF93DF932091C106F9
:102A30002F5F322F37703093C10620FF2BC020E864
:102A400031FD2064347009F02062205FFC01EC014C
:102A5000239600E011E06785662329F070E0C80145
:102A60000E9416C66F5F6187822F869F080E80E0E6
:102A7000811D1124811110C01682662311F061504E
:102A800061873196EC17FD0731F7DF91CF911F91E8
:102A90000F91089520E0D4CF81508683EECF80E956
:102AA00091E00895209A0895279A08956F927F9251
:102AB0008F92CF92DF92EF92FF920F931F93CF935B
:102AC000DF93CDB7DEB762970FB6F894DEBF0FBEC7
:102AD000CDBF8C016B017A01822FA801475F5F4F48
:102AE000B8016A5F7F4F0E9487143B01882ED8018E
:102AF0001C962C91C701F7FE04C0882799278E19D0
:102B00009F09DA82C9829C838B839E838D83688A26
:102B1000798A8A8A213049F5CE0101960E941215E0
:102B200083E08D871F861E86F7FE02C08DEF8D879E
:102B3000D801ED91FC910088F189E02DBE016F5F15
:102B40007F4FC801199562960FB6F894DEBF0FBE8D
:102B5000CDBFDF91CF911F910F91FF90EF90DF904C
:102B6000CF908F907F906F9008951C861B861A8659
:102B7000198618861F82D4CFCF92DF92EF92FF92F0
:102B80000F931F93CF93DF93CDB7DEB762970FB646
:102B9000F894DEBF0FBECDBF8C016B017A01822F8E
:102BA000A801475F5F4FB8016A5F7F4F0E9487149B
:102BB0009B01482FD8011C968C91DA82C982FC8235
:102BC000EB82FE82ED82288B398B4A8B813009F5AE
:102BD000CE0101960E9412151D861F861E86D80101
:102BE000ED91FC910088F189E02DBE016F5F7F4F70
:102BF000C801199562960FB6F894DEBF0FBECDBF1F
:102C0000DF91CF911F910F91FF90EF90DF90CF90C8
:102C100008951C861B861A86198618861F82DCCFAB
:102C20002F923F924F925F926F927F928F929F92DC
:102C3000AF92BF92CF92DF92EF92FF920F931F93CA
:102C4000CF93DF93CDB7DEB762970FB6F894DEBFB0
:102C50000FBECDBF9A8B898BDC0151968C91519719
:102C60008111CAC01C964D905C90712C612C60E063
:102C700070E0CB0121E0A989BA8955962D903C904E
:102C800056972114310409F49AC0222309F497C0FD
:102C9000FD016087718782879387CD010E9442136F
:102CA000882371F0A989BA8953968D919C918230BD
:102CB000910509F4C2C008F0BAC0019709F4CEC06A
:102CC000E989FA89828981117AC004811581268176
:102CD00037810D871E872F87388B8789908D0097C6
:102CE00009F4D5C0019709F42BC1E989FA89D08884
:102CF0000D851E852F853889012B022B032B09F4A6
:102D00008BC1C784CD1409F487C160817181828130
:102D100093810E944EC44B015C016D857E858F8539
:102D200098890E944EC49B01AC01C501B4010E9468
:102D3000D2C6A1010E94E00C4B015C010C2D10E0F9
:102D4000ED2CF12C2801012E000C66087708DC140C
:102D500008F43DC1B701601B710B072E000C880BF6
:102D6000990B0E9450C4A50194010E94AFC46B014D
:102D70007C01C301B2010E9450C49B01AC01C70198
:102D8000B6010E9461C66B017C0120E030E0A90120
:102D90000E9449C487FD35C120E030E04FE753E48D
:102DA000C701B6010E94B2C718160CF42EC1C701A4
:102DB000B6010E9444C7A989BA891E966C93A98955
:102DC000BA891E968C9162960FB6F894DEBF0FBE3C
:102DD000CDBFDF91CF911F910F91FF90EF90DF90CA
:102DE000CF90BF90AF909F908F907F906F905F90AB
:102DF0004F903F902F9008950E94D287E989FA89D9
:102E000000851185228533852B013C01401A510A2A
:102E1000620A730AC484D584F12CE12C21E04C149D
:102E20005D046E047F0408F026CF20E024CF8430B8
:102E30009105D9F0059709F043CFA989BA8957962A
:102E40008D919C910097E1F0019709F039CFA98904
:102E5000BA8958961C921E92579732CFE989FA89FF
:102E600010821182128213822BCFE989FA89848120
:102E70009581A681B78180839183A283B38320CF7C
:102E800081E090E0E989FA89908F878B19CFA98931
:102E9000BA890D911D912D913C91139709871A873D
:102EA0002B873C87A9019A014B833C8353019801EE
:102EB0004B815C8160E070E080E090E06B82BC82DE
:102EC0005201CB80DC80E12CF12C00E010E00E946C
:102ED00039C6F9010D851E852F85388948015901AC
:102EE000C12CD12C76019F0189829A82AB82BC824F
:102EF000CD82DE82EF82F8865401CB80DC80E12C2B
:102F0000F12C00E010E00E944BC674F429853A854C
:102F10004B855C85420E531E641E751E4D925D925C
:102F20006D927C921397E1CE0D851E852F85388991
:102F3000A989BA890D931D932D933C931397D5CEF0
:102F4000A989BA890D911D912D913C9109871A8704
:102F50002B873C87A9019A014B833C835301420193
:102F6000C12CD12C760198014B815C8160E070E02E
:102F700080E090E049829A826B82BC82CD82DE82C0
:102F8000EF82F8865201CB80DC80E12CF12C00E04E
:102F900010E00E9442C6A0E00E9454C681F07CF07E
:102FA00089859A85AB85BC8584199509A609B709D9
:102FB000E989FA8980839183A283B38396CEA98914
:102FC000BA891D921D921D921C9213978ECEC30139
:102FD000B2010E9450C42B013C01B8016E197F0957
:102FE000072E000C880B990B0E9450C4A501940178
:102FF0000E94AFC49B01AC01C301B2010E9460C634
:10300000C2CEC12CD12C7601D2CEC12CD12C8FE7CF
:10301000E82E83E4F82ECBCEE989FA89D686CFCE86
:103020002EEFDC01E22F1D92EA95E9F7FC01E25058
:10303000FF4FDF011D922A95E9F7EC5FFE4F1082EA
:103040008F5E9D4FFC0110821182128213820895BF
:103050000F931F93CF93DF93EC018C01055E1D4FFF
:10306000D8018D919C91DC01ED91FC910084F1855A
:10307000E02D1995892B59F0F80180819181DC01AF
:10308000ED91FC910284F385E02D1995E9CFCE01F5
:103090000E941018FE01E65EFD4FCD5FDD4F888176
:1030A0008083DF91CF911F910F9108958F929F920E
:1030B000AF92BF92CF92DF92EF92FF920F931F9346
:1030C000CF93DF93EC017B018A016C018FEEC81A6C
:1030D0008DEFD80AF60180819181A281B381892B7D
:1030E0008A2B8B2B61F4D8018C9181113DC0FE019C
:1030F000EE5FFD4F1082CD5FDD4F81E063C00E9427
:10310000D287F60180809180A280B3806819790906
:103110008A099B09FE01EB5EFD4F80809180A280B1
:10312000B380681579058A059B05E8F23A97808196
:10313000882339F066E773E03297808191810E949D
:10314000300BFE01EE5FFD4F10823296118210822D
:10315000CD5FDD4F8DEF8883D6011D921D921D92AC
:103160001C92139780E0CDC08E010C5F1D4FD801DB
:10317000ED91FC911197E730F10508F060C18827C7
:10318000EB53F74E8F4F0C942AC6CC18E418F01866
:10319000F918271944198E19F70180818E3759F4CF
:1031A00081E090E08D939C930E94D287F60160832A
:1031B000718382839383FE01EE5FFD4F1082CD5FAA
:1031C000DD4F83E08883CECFD7018C91FE01E25F93
:1031D000FD4F808382E090E0F80191838083EBCF04
:1031E000D7018C91FE01E05FFD4F808383E090E08A
:1031F000F3CFD7018C919FEF980F9E3F48F4FE01CB
:10320000E45FFD4F80833196108284E090E0E4CF4C
:103210007E01F2E0EF0EFF1ED7011C92F801118231
:1032200010828FEFFE01ED5FFD4F80833896808125
:10323000882339F06AE873E03297808191810E9497
:10324000300BCE010E941018D7018C915AC0DE01BC
:10325000A35FBD4F8C91FE01E45FFD4F9081891704
:1032600008F0A9CFF7012081FE01E80FF11DE2501F
:10327000FF4F20838F5F8C9398139DCF85E090E064
:10328000D8018D939C9397CFFE01E45FFD4F208181
:103290006091190A70911A0AAE0142505F4FDA012B
:1032A00080E030E0FD01E41BF50BE217F30738F492
:1032B000ED91E827E60FF72FF11D8081F3CFF7019D
:1032C0009081981303C086E090E0DACF7E01B2E0EF
:1032D000EB0EFB1EF7011082D8011D921C92319655
:1032E000108238968081882339F06FE973E0329735
:1032F000808191810E94300BCE010E941018F7014D
:103300008081DF91CF911F910F91FF90EF90DF901F
:10331000CF90BF90AF909F908F9008951D921C9278
:10332000F7018081813809F073C0FE01E05FFD4F35
:1033300080818F3F79F0AE0142505F4F2EE7FA0156
:10334000E80FF11D9081992319F02083890FF7CFA1
:103350008EE780838E01045F1D4FD8018C91FE01A2
:10336000EE5FFD4F808382E031968083339620812B
:10337000318121153105A1F07E01B2EFEB1ABDEFCD
:10338000FB0AF701808136979081891780F490E0DD
:10339000880F991F820F931FDC01ED91FC91199505
:1033A000F6011082118212821382D8014ECFFE01E3
:1033B000E55FFD4F8081882399F35E01B7EFAB1A7B
:1033C000BDEFBB0AF50180809180C5E3DDE0FE0121
:1033D0006491662359F0D401ED91FC910190F08144
:1033E000E02DC40119952196892B89F7F501C0813B
:1033F000D181D7014C9150E070E060E02AE0CE012D
:103400000E94E40A63E773E0CE010E94D50AC8CFA8
:103410008E010E5F1D4FF80110828EEF3196808372
:1034200038968081882339F060EB73E03297808191
:1034300091810E94300BCE010E941018B6CFFE0180
:10344000E55FFD4F80818823A1F167EC73E07E0189
:10345000B7EFEB1ABDEFFB0AF701808191810E9463
:10346000D50AD701AD90BC90F801C080D1800D2C59
:10347000000CEE08FF082AE0B701A601F7FE11C014
:10348000D501ED91FC910190F081E02D6DE2C50137
:10349000199544275527BA014C195D096E097F0912
:1034A0002AE0C5010E94E40A63E773E0C5010E94B7
:1034B000D50ACE010E941018F801118210827BCE2D
:1034C0001092600781E080935F0710923A0761E0F5
:1034D00084E10E94C18361E085E10E94C183E9EB40
:1034E000F0E080818E7F808380818D7F808388E47F
:1034F0008093B80085E48093BC0008954F925F925A
:103500007F928F929F92AF92BF92CF92DF92EF9273
:10351000FF920F931F93CF93DF932C01EB010E9437
:10352000FD84F20126893789621B730B6A307105AD
:10353000B0F3F8948A819B81181619060CF0CDC15E
:10354000E881F98165B1862E689487F835B13F77B7
:1035500035B9DA848F812D2D281B822F2F834C853E
:10356000042E000C550BAA81BB817889FF84E98861
:103570007F5FF394E3949E819884B984AB84118136
:10358000C12C6C2D0C2D2C2D2181112788942111FB
:10359000280F08F42FEF8195889470FD120F17956E
:1035A000889471FD120F1795889472FD120F17956C
:1035B000889473FD120F1795889474FD120F179558
:1035C000889475FD120F1795889476FD120F179544
:1035D000889477FD120F17958894622F7111612FCF
:1035E0008D0D162F002C85B800C017FF35B920812E
:1035F0006627889400C000C0002C35B92111290F1E
:1036000000C0002C85B800C016FF35B908F42FEFB4
:103610009195889400C000C0002C35B9F0FC620F71
:1036200000C0002C85B800C015FF35B96795889497
:10363000F1FC620F00C000C0002C35B9679588947A
:1036400000C0002C85B800C014FF35B9F2FC620F31
:103650006795889400C000C0002C35B9F3FC620F58
:1036600000C0002C85B800C013FF35B96795889459
:10367000F4FC620F00C000C0002C35B96795889437
:1036800000C0002C85B800C012FF35B9F5FC620FF0
:103690006795889400C000C0002C35B9F6FC620F15
:1036A00000C0002C85B800C011FF35B9679588941B
:1036B000F7FC620F00C000C0002C35B967958894F4
:1036C00000C0002C85B800C010FF35B9122FF110D2
:1036D000162F9B0D00C000C0002C35B900C000C0E3
:1036E000002C85B800C017FF35B922816627889461
:1036F00000C000C0002C35B92111290D00C0002CDC
:1037000085B800C016FF35B908F42FEFE40FF51F98
:1037100000C000C0002C35B9E0FC620F00C0002CD6
:1037200085B800C015FF35B967958894E1FC620F34
:1037300000C000C0002C35B96795889400C0002CEB
:1037400085B800C014FF35B9E2FC620F6795889414
:1037500000C000C0002C35B9E3FC620F00C0002C93
:1037600085B800C013FF35B967958894E4FC620FF3
:1037700000C000C0002C35B96795889400C0002CAB
:1037800085B800C012FF35B9E5FC620F67958894D3
:1037900000C000C0002C35B9E6FC620F00C0002C50
:1037A00085B800C011FF35B967958894E7FC620FB2
:1037B00000C000C0002C35B96795889400C0002C6B
:1037C00085B800C010FF35B9122FE110162F919463
:1037D00000C000C0002C35B99A0C00C000C085B8EC
:1037E00000C017FF35B921816627889400C000C04A
:1037F000002C35B92111280F00C0002C85B800C05D
:1038000016FF35B908F42FEF8195889400C000C0E9
:10381000002C35B970FD620F00C0002C85B800C0C7
:1038200015FF35B96795889471FD620F00C000C01F
:10383000002C35B96795889400C0002C85B800C06D
:1038400014FF35B972FD620F6795889400C000C0FF
:10385000002C35B973FD620F00C0002C85B800C084
:1038600013FF35B96795889474FD620F00C000C0DE
:10387000002C35B96795889400C0002C85B800C02D
:1038800012FF35B975FD620F6795889400C000C0BE
:10389000002C35B976FD620F00C0002C85B800C041
:1038A00011FF35B96795889477FD620F00C000C09D
:1038B000002C35B96795889400C0002C85B800C0ED
:1038C00010FF35B9122F7111162F8D0D00C000C0D9
:1038D000002C35B9119709F086CEEA81FB812EE1E3
:1038E00030E0DF010E9432C630E020E0A901AAE901
:1038F000EA9F0E0E411DFA9F400D511D11244F0FDE
:10390000511DDC01CB01840F951FA11DB11D893E06
:1039100043E09407A105B10508F434C0885E9340E4
:10392000A109B10942E0B695A795979587954A9563
:10393000D1F747E0849F080E211D949F200D311D73
:103940001124290F311D6091C00670E0860F971F6A
:10395000820F931F4091140750911507609116072D
:1039600070911707292F3327420F531F611D711DB7
:103970004093140750931507609316077093170729
:103980008093C00678940E94FD84F201778B668B49
:10399000DF91CF911F910F91FF90EF90DF90CF902B
:1039A000BF90AF909F908F907F905F904F900895C1
:1039B0004F925F927F928F929F92AF92BF92CF92DF
:1039C000DF92EF92FF920F931F93CF93DF932C011F
:1039D000EB010E94FD84F20126893789621B730B7B
:1039E0006A307105B0F3F8948A819B811816190624
:1039F0000CF0CDC1E881F98165B1862E689480F81C
:103A000035B13E7F35B9DA848F812D2D281B822F69
:103A10002F834C85042E000C550BAA81BB8178891D
:103A2000FF84E9887F5FF394E3949E819884B9844E
:103A3000AB841181C12C6C2D0C2D2C2D21811127D3
:103A400088942111280F08F42FEF8195889470FD38
:103A5000120F1795889471FD120F1795889472FDB7
:103A6000120F1795889473FD120F1795889474FDA3
:103A7000120F1795889475FD120F1795889476FD8F
:103A8000120F1795889477FD120F17958894622F5F
:103A90007111612F8D0D162F002C85B800C017FFF6
:103AA00035B920816627889400C000C0002C35B944
:103AB0002111290F00C0002C85B800C016FF35B9B0
:103AC00008F42FEF9195889400C000C0002C35B900
:103AD000F0FC620F00C0002C85B800C015FF35B99E
:103AE00067958894F1FC620F00C000C0002C35B9C6
:103AF0006795889400C0002C85B800C014FF35B9C4
:103B0000F2FC620F6795889400C000C0002C35B9A4
:103B1000F3FC620F00C0002C85B800C013FF35B95C
:103B200067958894F4FC620F00C000C0002C35B982
:103B30006795889400C0002C85B800C012FF35B985
:103B4000F5FC620F6795889400C000C0002C35B961
:103B5000F6FC620F00C0002C85B800C011FF35B91B
:103B600067958894F7FC620F00C000C0002C35B93F
:103B70006795889400C0002C85B800C010FF35B947
:103B8000122FF110162F9B0D00C000C0002C35B96C
:103B900000C000C0002C85B800C017FF35B92281D5
:103BA0006627889400C000C0002C35B92111290D6A
:103BB00000C0002C85B800C016FF35B908F42FEFFF
:103BC000E40FF51F00C000C0002C35B9E0FC620F07
:103BD00000C0002C85B800C015FF35B967958894E2
:103BE000E1FC620F00C000C0002C35B967958894D5
:103BF00000C0002C85B800C014FF35B9E2FC620F8C
:103C00006795889400C000C0002C35B9E3FC620FB2
:103C100000C0002C85B800C013FF35B967958894A3
:103C2000E4FC620F00C000C0002C35B96795889491
:103C300000C0002C85B800C012FF35B9E5FC620F4A
:103C40006795889400C000C0002C35B9E6FC620F6F
:103C500000C0002C85B800C011FF35B96795889465
:103C6000E7FC620F00C000C0002C35B9679588944E
:103C700000C0002C85B800C010FF35B9122FE1102C
:103C8000162F919400C000C0002C35B99A0C00C0CA
:103C900000C085B800C017FF35B921816627889418
:103CA00000C000C0002C35B92111280F00C0002C25
:103CB00085B800C016FF35B908F42FEF81958894B8
:103CC00000C000C0002C35B970FD620F00C0002C90
:103CD00085B800C015FF35B96795889471FD620FEE
:103CE00000C000C0002C35B96795889400C0002C36
:103CF00085B800C014FF35B972FD620F67958894CE
:103D000000C000C0002C35B973FD620F00C0002C4C
:103D100085B800C013FF35B96795889474FD620FAC
:103D200000C000C0002C35B96795889400C0002CF5
:103D300085B800C012FF35B975FD620F679588948C
:103D400000C000C0002C35B976FD620F00C0002C09
:103D500085B800C011FF35B96795889477FD620F6B
:103D600000C000C0002C35B96795889400C0002CB5
:103D700085B800C010FF35B9122F7111162F8D0DA7
:103D800000C000C0002C35B9119709F086CEEA8139
:103D9000FB812EE130E0DF010E9432C630E020E0FE
:103DA000A901AAE9EA9F0E0E411DFA9F400D511D7F
:103DB00011244F0F511DDC01CB01840F951FA11D54
:103DC000B11D893E43E09407A105B10508F434C054
:103DD000885E9340A109B10942E0B695A7959795F1
:103DE00087954A95D1F747E0849F080E211D949F3F
:103DF000200D311D1124290F311D6091C00670E086
:103E0000860F971F820F931F40911407509115073B
:103E10006091160770911707292F3327420F531F00
:103E2000611D711D40931407509315076093160789
:103E3000709317078093C00678940E94FD84F20166
:103E4000778B668BDF91CF911F910F91FF90EF9051
:103E5000DF90CF90BF90AF909F908F907F905F90BA
:103E60004F900895CF92DF92EF920F931F93CF93CD
:103E7000DF9368EE73E00E9402C6EB016B0184EBF6
:103E8000C80ED11CCB018D549F4F0E948F59C60183
:103E90000E948F59CE018B549F4F0E948F59EE2460
:103EA000E39410E000E020E04091F20E60E0C601F3
:103EB0000E94D759DF91CF911F910F91EF90DF9022
:103EC000CF9008958F929F92AF92BF92CF92DF9240
:103ED000EF92FF920F931F93CF93DF931F921F9246
:103EE000CDB7DEB78C0119828FEF8A83680125EE8A
:103EF000C21A2DEFD20AD6018D919C91DC01ED9171
:103F0000FC910084F185E02D1995F801E75EFD4FE5
:103F10007F01892B09F449C081E089834801FDEFC5
:103F20008F1A9F0A580126EEA21A2DEFB20AD60167
:103F30008D919C91DC01ED91FC910084F185E02D47
:103F40001995892B09F1F60180819181DC01ED91B0
:103F5000FC910284F385E02D19958A83AE014F5FB1
:103F60005F4FBE016E5F7F4FC8010E945618F70178
:103F70008083D4018C91F50180838330C1F21816BF
:103F80001CF0C8010E942818F70180810F900F9043
:103F9000DF91CF911F910F91FF90EF90DF90CF9025
:103FA000BF90AF909F908F900895AE014F5F5F4F8D
:103FB000BE016E5F7F4FC8010E945618D7018C93D7
:103FC000F801ED5FFD4F808177968083D8CFBF9257
:103FD000CF92DF92EF92FF920F931F93CF93DF93D5
:103FE0001F92CDB7DEB78C016B01B42EDB018D9132
:103FF0009C91F801E15FFD4F7F018F3F910508F42F
:1040000075C08FEF80836801F80180E091919E3741
:1040100009F067C0D7018C934CE353E0B801C801A5
:104020000E94B5134091190A50911A0A9801225022
:104030003F4F80E0D601ED916D01E827E40FF52FA9
:10404000F11D80812A173B07A9F7F801E350FE4FC5
:10405000B082F7019081F801E250FE4F90839EEF0D
:1040600031969083319680838EEFF82E6801B5EEFD
:10407000CB1ABDEFDB0AF60180819181B801645053
:104080007E4FDC01ED91FC910280F381E02D44E054
:1040900050E01995F601808191814F2D50E0DC01AF
:1040A000ED91FC910280F381E02DB8011995F601A4
:1040B00080819181B8017E5FDC01ED91FC910280ED
:1040C000F381E02D42E050E019958F2D0F90DF91A4
:1040D000CF911F910F91FF90EF90DF90CF90BF9005
:1040E00008958F5F8E3F09F091CF96CF982F8FEF75
:1040F0008083F80180E0891728F421912E3719F583
:10410000F7018083D6018C918983AE014F5F5F4FA9
:10411000B801C8010E94B513F60120813181409198
:10412000190A50911A0AD80180E03327BD01601B9B
:10413000710B6217730748F4ED91E827E40FF52F30
:10414000F11D8081F3CF8F5FD6CFF801E350FE4F92
:10415000B082D7019C9131969083F6019081F8014D
:10416000E150FE4F908331968083D601FC907ECF44
:10417000CF93DF9391E09093C4068823B9F0C09168
:10418000B800D091BA008091BC008A7B8093BC00BB
:1041900060E084E10E94C18360E085E10E94C18308
:1041A0000E94601AD093BA00C093B800DF91CF91FB
:1041B000089585ED8093BC0080916207909163071C
:1041C000A0916407B09165070796A11DB11D23E07A
:1041D000B695A795979587952A95D1F72091BC001C
:1041E00024FD03C01092600708954091620750912A
:1041F00063076091640770916507452B462B472B39
:1042000069F30097A105B10541F02AE22A95F1F77B
:1042100000C00197A109B109E1CF809161070C9419
:10422000B8201F920F920FB60F9211240BB60F9267
:104230002F933F934F935F936F937F938F939F93AE
:10424000AF93BF93EF93FF938091B900887F80363F
:1042500009F44DC008F040C0883209F4A9C028F51F
:10426000803109F49DC0C8F4882309F4FBC088306C
:1042700009F496C0FF91EF91BF91AF919F918F91FB
:104280007F916F915F914F913F912F910F900BBE56
:104290000F900FBE0F901F901895883109F488C0B9
:1042A000803241F780935E0714C0803409F49DC0CA
:1042B00040F48033B9F38833E9F680935E0785ECE8
:1042C000B0C0803509F485C0883509F496C08834BB
:1042D00089F60E94D920CECF883909F48CC038F5F0
:1042E000883729F050F4883611F0803719F683E0CA
:1042F0008093600710920B0757C0883809F47BC081
:10430000803919F0803809F0B5CF80910B078032E1
:1043100008F071C0E0910B0781E08E0F80930B07CE
:104320008091BB00F0E0E551F94F80833DC0803BB8
:1043300039F0E0F4803A09F479C0883A09F09ACF6C
:1043400084E0809360071092E8061092E706E091FF
:10435000E506F091E60619958091E70681110FC0F8
:1043600081E08093E7061092C50609C0803C09F4FD
:10437000A6CF883C09F4A3CF883B09F07BCFE0911E
:10438000E80681E08E0F8093E806F0E0EB53F94FEA
:1043900080818093BB009091E8068091E70629C058
:1043A00080913B078093BB0085EC8093BC0062CF7B
:1043B00090915D0780915C07981758F5E0915D0733
:1043C00081E08E0F80935D07F0E0E45CF84F808120
:1043D000E9CFE0915D0781E08E0F80935D078091CA
:1043E000BB00F0E0E45CF84F808390915D07809122
:1043F0005C079817C8F285E8D8CFE0915D0781E0A7
:104400008E0F80935D078091BB00F0E0E45CF84F75
:10441000808380915F0781115CCF81E080933A07B0
:1044200084EA8093BC001092600724CF85EC8093CF
:10443000BC001092600780910B07803230F4E0914D
:104440000B07F0E0E551F94F108260910B0770E027
:10445000E091E906F091EA068BEE96E0199510924C
:104460000B0708CF10925E0734CFCF92DF92EF9206
:10447000FF920F931F93CF93DF93EC0188810E94EB
:1044800098838C010E94D2872C893D89201731079F
:1044900031F06E8B7F8B888F998F1D8B0C8BCE8824
:1044A000DF88E88CF98C6C197D098E099F09CA8018
:1044B000DB80EC80FD806C157D058E059F0530F05E
:1044C0008A899B89998B888B1B8B0A8B28893989D0
:1044D0008A899B892817390781F04A855B85423094
:1044E0005105A1F48E819F81A885B9850196A11DF2
:1044F000B11D8E839F83A887B987DF91CF911F91CC
:104500000F91FF90EF90DF90CF90089541155105E6
:1045100031F42130310589F7892B21F3EECF413079
:10452000510559F7232B49F7019739F7DBCFFC01E8
:1045300020893189848595852817390741F481E0E0
:1045400042895389268537854217530709F080E051
:104550000895FC01208931898685978528173907B8
:1045600041F481E0428953892485358542175307F8
:1045700009F080E008958F929F92AF92BF92CF9200
:10458000DF92EF92FF920F931F93CF93DF93FC0183
:104590002085211110C060E070E0CB01DF91CF9148
:1045A0001F910F91FF90EF90DF90CF90BF90AF9051
:1045B0009F908F900895EC010E94D2872985211148
:1045C000EACF8C809D80AE80BF80088119812A81CE
:1045D0003B816B017C01C818D908EA08FB08C016AA
:1045E000D106E206F306B8F6080D191D2A1D3B1D7B
:1045F00068017901C61AD70AE80AF90AC701B601A3
:10460000CDCFCF92DF92EF92FF921F93CF93DF93A4
:10461000FC01108511110AC010E0812FDF91CF91AC
:104620001F91FF90EF90DF90CF900895EC0181856E
:10463000882319F018861986F0CF0E94D287CC8083
:10464000DD80EE80FF806C197D098E099F09C8808E
:10465000D980EA80FB806C157D058E059F0550F79B
:10466000DBCFCF93DF93EC01488359836A837B834D
:104670000E94D2876C837D838E839F8381E08887AD
:104680001986DF91CF9108950F931F93CF93DF93F6
:10469000EC010E94D2878B019C018C819D81AE81AF
:1046A000BF81488159816A817B81081B190B2A0BC4
:1046B0003B0B041715072607370738F4CE01DF91A7
:1046C000CF911F910F910C943123840F951FA61F3A
:1046D000B71F8C839D83AE83BF8381E08887198653
:1046E000DF91CF911F910F910895DC01FB016C9137
:1046F00011964C91119712967C91262F220F220F22
:10470000220F95E5822F899F080E80E0811D1124DC
:10471000562F5074362F307267FD60C0511149C05A
:10472000311106C0982F9095282F892F90E004C052
:1047300025E5280F90E08BEA4F3FF1F0442309F480
:104740006CC0409530E0442329F0449F312D112462
:1047500041113F5F432F4095849F080E80E0811DEB
:10476000249F020E20E0211D949F090E90E0911DD0
:104770001124830F230F930F7F3FB9F030E077238D
:1047800021F0779F312D09F03F5F332309F449C0B1
:10479000839F080E80E0811D239F020E20E0211DD3
:1047A000939F090E90E0911D1124808321839283B1
:1047B000089531110DC0922F2AEA929F090E90E0C0
:1047C000911D11242BEA291B922F2AEA280FADCF25
:1047D00090E0282F2095982F80E0AECF511111C086
:1047E00031110BC0922F8AEA989F090E90E0911D1B
:1047F00011242BEA291B9B5AEFCF982F909520E08C
:104800009BCF311106C025E5280F9BEA981B822F0C
:10481000F6CF2AEA280F30E0F9CF9FEF2FEF8FEF86
:10482000ABCF90E020E080E0C0CF82E190E00E943A
:10483000825983E190E00E94825984E190E00E94D5
:10484000825985E190E00E94825986E190E00C94C3
:1048500082596091FC0381E068276093FC0380919A
:10486000F7039091F8031816190634F48091F903B0
:104870009091FA030C94F57C0895982FE62F6034FC
:1048800011F4E0915119F0E03197E730F10578F437
:104890008827E25BFB4D8F4F0C942AC65524792460
:1048A0007E248E2480248224842483E108959330FE
:1048B00020F4913040F085E00895933031F0943049
:1048C000D1F381E0089584E1089580919C078F5F82
:1048D000853068F4982F937051F080939C078091F5
:1048E0009C07813059F0823061F38DE0089581E0BA
:1048F000F4CF80914F19833099F408958BE0089597
:1049000089E1089588E10895923031F0943021F0E2
:10491000911108C08DE108958FE108958CE108950B
:104920008FE008958EE1089581E499E10E940123CA
:10493000882391F08091270A0E94DE874091CB0264
:1049400050E070E060E081E499E10E9431238091C1
:10495000E30381111092E3030895CF93DF931F9235
:104960001F92CDB7DEB7EFE6F6E021E0208381832A
:104970006283738394E09483E5E5FCE02083818384
:1049800062837383948385E090E09A83898341E016
:10499000BE016F5F7F4FCF010E94E71F0F900F9006
:1049A000DF91CF91089570E060E00C94AD24E9E1CF
:1049B000F0E18091DD0280838091DC02818380912F
:1049C000DB0282838091DA0283838091D90284831F
:1049D00008958091E002843161F0883221F08C30BA
:1049E00031F48FE001C087E08093A002089585E054
:1049F000FBCF8AE0F9CF80911A0290911B02892B9C
:104A000021F088E080939F02089510929F020895FC
:104A10009091E1028091E002890F27E0280F209316
:104A20004C199093351980934B198091190220915C
:104A3000F20340911A0250911B02452BA9F090916C
:104A40009F023FEF390F3093DE0290930311980FCE
:104A50008FEF890F80930211909301118FEF820FD6
:104A6000890F8093001108951092DE0210920311B5
:104A70009FEF980F9093021180930111820F815044
:104A8000F0CF8330B9F198F4823009F442C08091BC
:104A90008F0290919002885E9340803D27E09207BC
:104AA00008F446C09093900280938F0212C0843025
:104AB00091F0853061F78091870290918802885E3D
:104AC0009340803D27E0920798F19093880280936D
:104AD00087020C94321F8091890290918A02885E2D
:104AE0009340803D27E0920718F190938A028093CB
:104AF0008902EFCF80918B0290918C02885E934067
:104B0000803D27E09207A0F090938C0280938B0267
:104B1000E0CF80918D0290918E02885E9340803D1F
:104B200027E0920728F090938E0280938D02D1CFD8
:104B300008958330B9F198F4823009F442C080912D
:104B40008F029091900288519C4F81362AEE9207F5
:104B500008F046C09093900280938F0212C0843078
:104B600091F0853061F78091870290918802885199
:104B70009C4F81362AEE920798F590938802809395
:104B800087020C94321F8091890290918A02885189
:104B90009C4F81362AEE920718F590938A028093F3
:104BA0008902EFCF80918B0290918C0288519C4FAB
:104BB00081362AEE9207A0F490938C0280938B02A8
:104BC000E0CF80918D0290918E0288519C4F81366A
:104BD0002AEE920728F490938E0280938D02D1CF13
:104BE0000895EF920F931F938091EC04882309F4AA
:104BF00000C11092EC041092A9050E94C359809143
:104C0000FB049091FC040197C1F580914F1983300A
:104C1000D1F1853009F45CC0823009F0DDC08BE74A
:104C200091E00E948F59EE24E39410E000E020E030
:104C30004091F20E60E08BE791E00E94D75980919D
:104C4000F503882391F08091B30F81110EC08CE79A
:104C500091E00E948F5908ED1EE021E04091F20E94
:104C600061E08CE791E00E94D75940E355E760E0AE
:104C700070E08BEA9FE00E9431238CE01F910F913E
:104C8000EF900C94D32485E290E00E948F59EE249B
:104C9000E39410E000E020E04091F20E60E085E255
:104CA00090E00E94D7598091F5038823F1F280911A
:104CB000B30F8111DACF86E290E00E948F5908EDA0
:104CC0001EE021E04091F20E61E086E290E0CBCF61
:104CD000EE24E39410E000E020E04091F20E60E06A
:104CE00082E691E00E94D75980915019823009F0F4
:104CF0005AC04091F20E485204EF11E021E061E009
:104D000085E991E00E94D7598091E904882389F0D0
:104D10004091F20E8091F403EE24E394882309F489
:104D20004AC000ED17E021E061E08AEB91E00E94CB
:104D3000D7591092F7041092F0040E94315110924A
:104D4000EF0F1092F00F80915019823041F00E94C5
:104D50001A600E94B661109228191092291940E039
:104D600050E0BA0186E399E10E94312340E050E02F
:104D7000BA018AE299E10E94312340E050E0BA0191
:104D800080E291E10E94312380915819853009F029
:104D900074CF80912502882309F46FCF61E08DE202
:104DA0000E94C1836ACFEE24E39400ED17E021E076
:104DB0004091F20EA4CF10E000E020E060E08EE42D
:104DC00091E00E94D7590CEF18E021E04091F20EDB
:104DD00061E089EB91E0ABCFEE24E39410E000E0DA
:104DE00020E04091F20E60E08CE691E00E94D759FD
:104DF00044CF1F910F91EF90089581E080930202BC
:104E000080930102809300020895EF920F931F9305
:104E10008091EA04882331F080E691E00E948F5966
:104E20001092EA048091E904882361F08EE491E015
:104E30000E948F5989EB91E00E948F598AEB91E093
:104E40000E948F598091F503882351F08091B30F10
:104E5000882331F01092B30F1092B40F0E94B05714
:104E600080915019823009F49DC1833009F4CEC17C
:104E7000813009F4B1C180914F199091531991502B
:104E8000943008F02AC19091FE03992309F411C1CE
:104E90004091F20EE12C10E000E020E060E0833071
:104EA000A9F0853009F4FCC0823009F0F0C08DE72C
:104EB00091E00E94D759EE24E3940AEF10E021E03C
:104EC0004091F20E61E08FE791E00EC084E690E041
:104ED0000E94D759EE24E39404E619E121E04091C1
:104EE000F20E61E083E690E00E94D75981E0809362
:104EF000E7038091E603882309F4ECC080914F1901
:104F00004091F20EE12C10E000E020E060E0833000
:104F100009F0D2C084E690E00E94D759EE24E394D1
:104F200004E619E121E04091F20E61E088E490E0AE
:104F30000E94D75981E08093E50380914F198450F6
:104F4000823008F5809153198530E8F48FEB9FE0AB
:104F50000E94BB222091501930914F19683B7B4031
:104F60008105910508F093C16091F20E223009F09D
:104F70008CC1685244E650E0343009F09DC180E1B4
:104F800090E00E94978180915019853059F4E12C6E
:104F900004E610E021E04091F20E60E083EA91E047
:104FA0000E94D75980915019863059F4E12C04E6BB
:104FB00010E021E04091F20E60E084EA91E00E946E
:104FC000D75981E08093EF0487E00E94D324809139
:104FD0008302882309F180918402909185020297CF
:104FE000D9F40E94B7C328E030E040E050E00E94CE
:104FF00083C5695F7F4F8F4F9F4F28EE33E0629FDD
:10500000A001639F500D729F500D112470E060E06D
:1050100089EC9FE00E94312380E00E94395080910A
:1050200050198230A1F0E0915319E150FF0BEE0FBF
:10503000FF1FE753F54F4591549170E060E088E21F
:1050400090E10E94312310922610109227101092A6
:105050004410109245108FEF0E94FD5010920D10D9
:1050600010920E1042E350E060E070E08BEF9FE0A2
:105070000E9431231092EE0448E95AE360E070E0A8
:1050800083ED9FE01F910F91EF900C9431238BE9FA
:1050900090E00E94D759EE24E39403E111E00FCF92
:1050A0008FE491E00E94D759EE24E39408EC10E0DD
:1050B00006CF1092E7031DCF853049F48FE491E0CD
:1050C0000E94D759EE24E3940CE211E02BCF85E047
:1050D00090E0F6CF1092E50330CF4091F20EE12C34
:1050E00010E000E020E060E0833009F43FC085304C
:1050F00009F442C08230E9F587E891E00E94D7596F
:105100008091FE03882309F445C080914F1991E0F6
:105110009093E7034091F20EEE24E394823079F508
:1051200004EA16E021E061E089E891E00E94D759A5
:105130008091E603882371F280914F1991E090935A
:10514000E5034091F20EEE24E3940CEB12E0833081
:1051500021F10CE211E0823001F504EA16E021E0D1
:1051600061E089E891E00E94D759E7CE81E690E0BE
:10517000C5CF8BE990E0C2CF8FE491E0BFCF0CE2C6
:1051800011E0833011F40CEB12E021E061E082E6E3
:1051900090E0CCCF1092E703CBCF21E061E088E430
:1051A00090E0E1CF85E390E00E948F59E12C10E080
:1051B00000E020E04091F20E60E083E390E00E9486
:1051C000D759EE24E39402E513E021E04091F20E7A
:1051D00061E084E390E0C7CF8BE390E00E948F59B9
:1051E000E12C10E000E020E04091F20E60E089E365
:1051F00090E00E94D759EE24E39408EE13E021E0FA
:105200004091F20E61E08AE390E0ADCF8091890792
:1052100090918A078D36910550F4E12C10E000E062
:1052200020E04091F20E60E086E491E09CCF86E4BD
:1052300091E00E948F59809153198330E1F050F42E
:10524000813091F0823009F078CE6091F20E85EFD6
:1052500090E00EC08430A1F0853009F06ECE6091F0
:10526000F20E8DE790E004C06091F20E83E191E0D0
:105270000E944B8162CE6091F20E87ED90E0F8CFF4
:105280006091F20E89EB90E0F3CF655073CE8FEB17
:105290009FE02230A1F4343041F40E94BB222091DF
:1052A000F20E2852AB01622F6ACE0E94BB222091DF
:1052B000F20E2852AB01622F85E991E062CE3430C4
:1052C00031F40E94BB222091F20E2550EBCF0E94B8
:1052D000BB222091F20E2550EDCFEF920F931F933A
:1052E00083E591E00E948F5982E390E00E948F59FC
:1052F00088E591E00E948F59EE24E39410E000E0ED
:1053000020E04091F20E60E087E591E00E94D759DD
:10531000809150198230D1F420E04091F20E60E08B
:1053200083E591E00E94D75981E08093ED0440E04D
:1053300050E0BA0182E390E10E9431230E94FD26F1
:105340008FE01F910F91EF900C94D32410920D10C9
:1053500010920E1042E350E060E070E08BEF9FE0AF
:105360000E943123E1CF80914F198250823020F08A
:105370008AE691E00C948F598CE390E0FBCFEF929A
:105380000F931F938091E904882381F04091F20EDE
:105390008091F403EE24E3948823D9F100ED17E023
:1053A00021E061E08AEB91E00E94D7598091EF04FF
:1053B000882309F46FC080915019823009F455C1D7
:1053C000833009F466C1813009F459C180914F19C5
:1053D000833009F4F7C0853009F442C1823009F006
:1053E00013C180915319853009F4C0C083ED9FE04B
:1053F0000E94BB22683873418105910588F4E12C35
:1054000010E000E020E04091F20E60E087E490E0E0
:105410001AC008EE13E021E061E089EB91E0C4CF0F
:1054200083ED9FE00E94BB22E12C10E000E020E031
:10543000603177428105910508F092C04091F20EEB
:1054400060E08AE090E00E94D75980914F19845023
:10545000823000F5809153198530E0F48FEB9FE0A6
:105460000E94BB222091501930914F19683E734021
:105470008105910508F012C16091F20E223009F405
:1054800068524EE150E0343009F01DC180E190E0F7
:105490000E9497810E94775C1092D10F1092D20FD8
:1054A0001092EF041092E6031092FE0388E00E942F
:1054B000D324109203101092041010920D10109229
:1054C0000E1080E00E944C6080E00E94CA50109252
:1054D000EE0480E00E94395080E00E94ED4F10926F
:1054E000DB0F1092DC0F10923010109231101092DE
:1054F0002610109227101092A90F1092AA0F0E9446
:10550000B3298091F503882309F45DC18091B30F1D
:1055100081111BC080914F19833009F4E5C085309B
:1055200009F40DC1823009F0EEC08CE791E00E94D1
:105530008F59EE24E39410E000E020E04091F20E59
:1055400061E08CE791E00E94D75940E355E760E0C5
:1055500070E08BEA9FE01F910F91EF900C94312344
:105560004091F20E60E080E891E06DCF83ED9FE026
:105570000E94BB22683873418105910550F4E12CEB
:1055800010E000E020E04091F20E60E088E891E059
:105590005ACF83ED9FE00E94BB22E12C10E000E097
:1055A00020E0603177428105910530F44091F20EA0
:1055B00060E08BE891E047CF4091F20E60E08AE82E
:1055C00091E041CF83ED9FE00E94BB226838734198
:1055D0008105910550F4E12C10E000E020E04091BD
:1055E000F20E60E08BE090E02ECF83ED9FE00E9412
:1055F000BB22E12C10E000E020E060317742810521
:10560000910508F01BCFFFCE83ED9FE00E94BB22E7
:10561000683873418105910550F4E12C10E000E0F9
:1056200020E04091F20E60E083E891E00CCF83ED42
:105630009FE00E94BB22E12C10E000E020E06031FE
:1056400077428105910530F44091F20E60E082E8E6
:1056500091E0F9CE4091F20E60E081E891E0F3CE66
:10566000E12C10E000E020E0EFCFE12C10E000E0C2
:1056700020E04091F20E60E085E390E0E4CEE12C82
:1056800010E000E020E04091F20E60E08BE390E05B
:10569000DACE86E491E00E948259D7CE8FEB9FE06C
:1056A0002230A1F4343041F40E94BB222091F20E4A
:1056B0002852AB01622FEACE0E94BB222091F20E4B
:1056C0002852AB01622F85E991E0E2CE343031F40B
:1056D0000E94BB22AB016091F20ED8CE0E94BB2289
:1056E000AB016091F20EEFCF86E290E00E948F59FD
:1056F000EE24E39410E000E020E04091F20E61E03F
:1057000086E290E020CF80E190E00E948F59809166
:105710005019823061F44091F20E4852EE24E39425
:1057200010E000E020E061E080E190E00CCFEE24AA
:10573000E39410E000E020E04091F20EF4CF85E920
:1057400091E00E948F5980915019823029F5409143
:10575000F20E4852EE24E39410E000E020E061E015
:1057600085E991E00E94D7598091E904882309F4E2
:10577000ECCE8091F4038823B9F08AEB91E00E948B
:105780008F59EE24E39410E000E020E04091F20E07
:1057900061E08AEB91E0D7CEEE24E39410E000E0E4
:1057A00020E04091F20EDBCF89EB91E00E948F590F
:1057B000EE24E39410E000E020E04091F20E61E07E
:1057C00089EB91E0C0CE1F910F91EF900895EF9279
:1057D0000F931F93CF93DF932091EC0421119CC072
:1057E0002091FB043091FC042130310509F094C074
:1057F000EC018091EF0481110E94BF298091501922
:10580000813009F4B6C0823009F4B0C080914F19DC
:10581000833009F492C0853009F4A5C0823009F0C4
:1058200097C080915319853009F47CC08AE090E0DC
:105830000E948F5987E490E00E948F5980E891E0A0
:105840000E948F5989E490E00E948F598AE490E089
:105850000E948F598FE690E00E948F598EE690E06B
:105860000E948F5981E08093EC040E94C359BE01CD
:105870008BE00E94AD2480914F19853009F04CC017
:10588000EE24E39410E000E020E04091F20E60E0AE
:105890008FE891E00E94D75904EC19E021E0409193
:1058A000F20E61E087E390E00E94D7598091E9040D
:1058B0008823B1F010E000E020E04091F20E60E0BB
:1058C0008DEB91E00E94D75989EB91E00E948F59AE
:1058D0008EE491E00E948F598AEB91E00E948F59EB
:1058E00081E090E00E948F5985E991E00E948F59F4
:1058F00080915819853011F40E94EA50AE0170E091
:1059000060E087EE9FE00E94312381E08093F704FE
:105910008093F1048093F004DF91CF911F910F9158
:10592000EF90089588E891E00E948F598BE891E00C
:105930000E948F598AE891E083CF8BE090E00E942B
:105940008F5987E490E00E948F598AE090E078CFE9
:1059500081E891E00E948F5982E891E00E948F597E
:1059600083E891E06DCF82E891E06ACF85E390E033
:1059700077CF8BE390E074CF8F929F92AF92BF92DC
:10598000CF92DF92EF92FF920F931F93CF93DF930B
:10599000CDB7DEB7E8970FB6F894DEBF0FBECDBF28
:1059A00080919706811111C08FE796E00E94D7146D
:1059B000109296061092950680E093E090938006F0
:1059C00080937F0681E0809397068FE796E00E94A0
:1059D00052158FE294E090938206809381068EE3C5
:1059E00090E090938E0680938D068FEF80938506CE
:1059F00080EB8093860680EF8093870610922A0AB8
:105A000010922B0A10922C0A10922D0A8091B70640
:105A1000811111C08FE996E00E94D7141092B6064A
:105A20001092B50686E193E09093A00680939F06BE
:105A300081E08093B7068FE996E00E9454158DEAC5
:105A400095E09093A2068093A10680E490E0909365
:105A5000AE068093AD0680912A0A90912B0AA09100
:105A60002C0AB0912D0A843C29E09207A105B105CA
:105A700020F484EC99E0A0E0B0E080932A0A9093AF
:105A80002B0AA0932C0AB0932D0A8FEF8093A506C2
:105A900080EB8093A60680EF8093A7068091270A6B
:105AA0000E94DE8740E855E260E070E088E799E018
:105AB0000E94477D40E855E260E070E08BED98E0A1
:105AC0000E94477D40E855E260E070E08EE398E098
:105AD0000E94477D8BED98E09093710E8093700E3D
:105AE00084E690E0A0E0B0E08093720E9093730E95
:105AF000A093740EB093750E28E739E030935F0ED3
:105B000020935E0E1092600E80936A0E90936B0E3F
:105B1000A0936C0EB0936D0E8EE398E09093500CB2
:105B200080934F0C82E390E0A0E0B0E08093510CB2
:105B30009093520CA093530CB093540C30933E0CA2
:105B400020933D0C10923F0C8093490C90934A0C8B
:105B5000A0934B0CB0934C0C40E051EE60E070E031
:105B600081EA97E00E94477D1092620F1092630FC6
:105B70001092640F81EA97E090931C0F80931B0FA3
:105B800010923E0F10923F0FE0E4FFE08FEF9FEF87
:105B9000819391933FE0EC35F307D1F780911B0F90
:105BA00090911C0FDC01ED91FC910084F185E02DBA
:105BB0001995892B61F080911B0F90911C0FDC01CE
:105BC000ED91FC910284F385E02D1995E7CF0E94B9
:105BD000D28768517C4FFE0131966F014B01B12C89
:105BE000A12C34E1F32E05E011E10E94CA818091DD
:105BF000640F811118C00E94D287681579058A0543
:105C00009B0588F4D601EF2D1D92EA95E9F70983EB
:105C10001D83C6010E94907B6AE070E080E090E006
:105C20000E94A087E2CF0E94CA818091640F8823DE
:105C300009F49DC080915E0F90915F0F90938A0749
:105C400080938907009709F485C022E030E0309303
:105C50008C0720938B078D36910518F080E00E9409
:105C600064548AE08093F60E2091D8023EEC320311
:105C7000C00111246CE97FEF0E9416C66253609345
:105C8000F50E6093F40E6093F30E80915E0F909189
:105C90005F0F1E8E1D8E18A21F8E1AA219A24AE037
:105CA000B6010E941FC4F60101900020E9F7319768
:105CB000AF014C195D09B601CE014D960E94640AF0
:105CC00063E87CE0CE01C3960E948D0ABE016D5C44
:105CD0007F4FC6010E94BB0ABE01635E7F4FC601B3
:105CE0000E94310AC6010E94850ACE01C3960E9415
:105CF000850ACE014D960E94850A0E94CA810091B4
:105D00005C0F10915D0FC8010E94C4798091EF0370
:105D10000E9492548AEB9FEF0E94D5820E94B58226
:105D20008091AC05811105C08091AB05882309F4F1
:105D3000C5C00C33110508F4C1C0EE24E39410E093
:105D400000E020E04091F20E60E08CE390E00E94E1
:105D5000D759B4C081E090E090938C0780938B0773
:105D600084E690E090938A07809389077ACF8AEB44
:105D70009FEF0E94D5820E94B58204E1D601E02FF8
:105D80001D92EA95E9F715E0198381E08D83C6013C
:105D90000E94907BD6011D920A95E9F7198382E053
:105DA0008D83C6010E94907B6AE070E080E090E005
:105DB0000E94A0870E94CA818091620F882309F403
:105DC0006FC0A7E6BFE0F601CE0145962D91219365
:105DD0008E179F07D9F70E94CA818091630F8E01A9
:105DE000035E1F4F882309F40BC280E098E0909374
:105DF000CA028093C9020E94CA81A0905C0FB09031
:105E00005D0FC5010E94C479FE017F9682E1DF012A
:105E10001D928A95E9F787E08D8F1F8E1E8E8CE08C
:105E200089A3C8010E94907B94E1892EF801282D56
:105E300011922A95E9F726E0922E9D8E89E089A39A
:105E4000C8010E94907BD8011D928A94E9F79D8E2B
:105E50008EE089A381E08BA3C8010E94907B83E040
:105E600090E090938C0780938B0781E090E0909373
:105E70008A078093890761E77CE0C8010E948D0A48
:105E8000C8010E94850A8091AC05811104C08091EF
:105E9000AB05882399F0BCE3AB16B10478F04DCF85
:105EA00010928C0710928B070E94AD816AE37CE010
:105EB000C6010E948D0AC6010E94850A1092190728
:105EC0001092180710928707109286070E94601A96
:105ED0008CEFA82E83E1B82EB092E606A092E506DC
:105EE0000DEF13E11093EA060093E9068CE080932E
:105EF000B80061E27DE0C6010E948D0AC6010E94E1
:105F0000850A80EA9FE09093970E8093960E1092F8
:105F100019071092180710928707109286070E949F
:105F2000601AB092E606A092E5061093EA06009386
:105F3000E9066FEF7FEF90E080E00E942285182F46
:105F4000EFE1FEE43197F1F700C0000081110EC0CF
:105F50008FE999E39093EC0E8093EB0E6FE979E370
:105F600090E080E00E9422850E942A86612FC6016F
:105F70000E94F9826CE07DE0CE01C3960E948D0AFA
:105F8000BE016D5C7F4FCE014D960E94BB0AB601EB
:105F9000CE014D960E94310ACE014D960E94850A8F
:105FA000CE01C3960E94850AC6010E94850A11117E
:105FB00036C181E08093BF0660EA7CE0C6010E94A2
:105FC0008D0AC6010E94850A87E797E09093EC0E40
:105FD0008093EB0E67E777E090E080E00E942285F7
:105FE0000E942A860E94D2876093CC0E7093CD0EB9
:105FF0008093CE0E9093CF0E4091CA0E5091CB0E4F
:1060000070E060E084ED9EE00E9431234091960EA6
:106010005091970E70E060E080EA9EE00E9431238C
:106020006C98749A6D98759A0A9A129882E390E027
:10603000A0E0B0E08093CA109093CB10A093CC1056
:10604000B093CD108093B0109093B110A093B21084
:10605000B093B3108093961090939710A0939810DC
:10606000B093991080937C1090937D10A0937E1034
:10607000B0937F1080937E0F90937F0FA093800F3B
:10608000B093810F8093621090936310A09364107B
:10609000B09365108093481090934910A0934A10D4
:1060A000B0934B1080912101887F846080932101FF
:1060B00061E08DE20E94EF839A9A3C9A3A9A579A4D
:1060C00080910A01886080930A019D9A6B9A809161
:1060D00001018860809301018091010180618093BA
:1060E0000101809101018062809301018091010191
:1060F000806480930101249A259A80918C1090915C
:106100008D10892B09F096C081E080932502809143
:10611000A6109091A710892B09F08FC082E0809380
:106120004F1980914F198093960F8CEF9FE00E943A
:106130006DC58BAB8DEF9FE00E946DC58CAB8EEF74
:106140009FE00E946DC58DAB8FEF9FE00E946DC5F3
:106150008EAB0E94C5510BA91CA92DA93EA96017A1
:1061600071078207930709F068C38E01035E1F4F12
:10617000D12CC12CC6010E946DC5D8018D938D0113
:10618000BFEFCB1ADB0AE6E1CE16D10499F78D8D6D
:10619000982F9D7F9D3009F052C08093E1028F308F
:1061A00009F055C088E28093030287E28093DF0202
:1061B0008E8D8C3039F0843129F0843219F0883298
:1061C00009F04AC08093E0028F8D8C3059F099EE2F
:1061D000980F923038F08A3129F09DED980F923067
:1061E00008F04DC0809319028931E8F58731E8F550
:1061F0008C3009F43FC089E08093050286E03DC001
:106200006AE47CE0C8010E948D0AC8010E94850AE8
:1062100010928C0710928B070E94AD814FCE109286
:10622000BF0666EB7CE0C6010E948D0AC6010E9493
:10623000850AECCE109225026ACF84E070CF80915F
:10624000BF06882309F4B4CF8DE08093E1028EE28B
:10625000809303028DE2AACF8091BF06882309F4C0
:10626000B3CF8CE0AFCF8A3131F68CE0809305025A
:1062700089E003C09FE090930502809304028BA500
:106280009FEF980F943110F48093F2038CA59EEF4A
:10629000980F933038F48330F1F1843009F43FC023
:1062A000109217029EA58FEF890F823030F481E0A3
:1062B000923008F480E0809316029FA58FEF890F3B
:1062C000823030F481E0923008F480E08093200244
:1062D00098A98FEF890F823030F481E0923008F472
:1062E00080E08093F00399A98FEF890F823030F41A
:1062F00081E0923008F480E080931E028DA59EEF2D
:10630000980F933090F4823061F0833009F46AC2C0
:1063100082E090E069C281E080931702C3CF82E0FF
:10632000FBCF10921B0210921A0298A18FEF890FD7
:10633000843030F481E0913009F480E08093F103FF
:1063400089A19FEF980F9E3F10F48093D4028AA1F9
:106350009FEF980F9E3F10F48093D2028BA19FEF86
:10636000980F9E3F10F48093D0028CA19FEF980F5E
:106370009E3F10F48093D5028DA19FEF980F9E3F12
:1063800010F48093D3028EA19FEF980F9E3F10F4DC
:106390008093D1028FA19CEE980F913510F48093D9
:1063A000150288A59CEE980F913510F48093220277
:1063B00089A59CEE980F913510F4809318028AA558
:1063C0009CEE980F913510F480931C029AA98FEFE0
:1063D000890F823040F481E0923008F480E08093AD
:1063E000EF030E9492540E94E9240E94FB240E9421
:1063F00008259E012F5F3F4F690106E110E0C801AB
:106400000E946DC5D6018D936D010F5F1F4F023342
:106410001105A9F799818FEF890F823030F481E05F
:10642000923008F480E0809383029A818FEF890F85
:10643000823030F481E0923008F480E08093F403FD
:106440009B818FEF890F823030F481E0923008F425
:1064500080E0809321028C819FEF980F923078F436
:1064600091E0823008F490E090931F02823009F4AA
:10647000C0C18CE291E090939202809391029D8141
:106480008FEF890F823030F481E0923008F480E0A1
:1064900080931D029E818FEF890F823030F481E05E
:1064A000923008F480E0809397029F818FEF890FEC
:1064B000823030F481E0923008F480E080938602EC
:1064C00098858FEF890F823030F481E0923008F4A4
:1064D00080E08093960299858FEF890F823030F4A7
:1064E00081E0923008F480E080932E048A859EEF4C
:1064F000980F943090F4833029F0853019F0823071
:1065000009F07AC180934F1980914F198093960FAB
:106510008093260281E08093F6038B859FEF980F8E
:10652000923040F4823009F469C181E080934D19C2
:106530000E945A839C858FEF890F823030F481E06E
:10654000923008F480E08093FF049D858FEF890FDF
:10655000823030F481E0923008F080E08093FF03D5
:106560009A8D8FEF890F823030F481E0923008F4F9
:1065700080E0809323029B8D8FEF890F823030F46F
:1065800081E0923008F480E08093F3039C8D8FEFDC
:10659000890F823030F481E0923008F480E08093FB
:1065A000F5039E8591509536C8F49093D8022091BA
:1065B000F60EE22FEC53FF0B9E9FA0019F9F500D04
:1065C0001124CA016CE97FEF0E9416C62C53620F9A
:1065D0006093F40E6093F30E6093F50E8F859FEF3A
:1065E000980F9C3358F448EE53E0849F9001859FA8
:1065F000300D1124309388022093870288899FEF01
:10660000980F9C3358F448EE53E0849F9001859F87
:10661000300D112430938A022093890289899FEFDB
:10662000980F9C3358F448EE53E0849F9001859F67
:10663000300D112430938C0220938B028A899FEFB6
:10664000980F9C3358F448EE53E0849F9001859F47
:10665000300D112430938E0220938D028B899FEF91
:10666000980F9C3358F448EE53E0849F9001859F27
:10667000300D11243093900220938F029C898FEF6C
:10668000890F823030F481E0923008F480E080930A
:10669000D9029D898FEF890F823030F481E09230EA
:1066A00008F480E08093DA029E898FEF890F8230B0
:1066B00030F481E0923008F480E08093DB029F891F
:1066C0008FEF890F823030F481E0923008F480E05F
:1066D0008093DC02988D8FEF890F823030F481E057
:1066E000923008F480E08093DD02898D9FEF980F4F
:1066F000953058F4823009F499C008F08DC081308B
:1067000009F498C084E0809324020E94D72481E099
:106710000E94F95D0E94FB240E94082580911502C9
:10672000853618F084E68093150280912202853622
:1067300018F084E68093220280911802853618F0C2
:1067400084E6809318020E9439510E94966240911B
:10675000CB0250E070E060E081E499E10E943123D7
:1067600040ED57E060E070E08BE09FE00E94312355
:1067700040E45FE160E070E08DED9FE00E94312336
:1067800048EE53E060E070E08CEE90E10E9431232F
:106790008091FF04811162C0EE24E39410E000E0D8
:1067A00020E04091F20E60E086E791E00E94D75928
:1067B00040E050E0BA018BEA9FE00E943123E89666
:1067C0000FB6F894DEBF0FBECDBFDF91CF911F9102
:1067D0000F91FF90EF90DF90CF90BF90AF909F9080
:1067E0008F90089581E090E090931B0280931A02AD
:1067F0009CCD84EF91E03FCE84E084CE80934D1910
:1068000010924E191092501980915519811192CE03
:1068100081E0809355198ECE833019F0853009F0D0
:1068200071CF80932402809358196FCF91E0909399
:106830002502F7CF80932502F4CFEE24E39410E0F5
:1068400000E020E04091F20E60E08FE591E00E94D0
:10685000D7590E948D530E94455459CF80914D19AC
:10686000813031F482E090E09093F9048093F80451
:1068700040EA5FE060E070E081EF9FE00E9431233A
:1068800081E0809300059BCFFF920F931F93CF93DE
:10689000DF93CDB7DEB764970FB6F894DEBF0FBEB7
:1068A000CDBF182FF62E072F1C8A1B8A682FCE010A
:1068B0000D960E94F9826AE07CE0CE0101960E946A
:1068C0008D0ABE016F5F7F4FCE0107960E94BB0A03
:1068D000BE01635F7F4FCE0107960E94310ACE0151
:1068E00007960E94850ACE0101960E94850ACE0174
:1068F0000D960E94850AEAE7F6E091E09083118305
:10690000F282038384E08483E4E3FAE090831183DA
:10691000F2820383848385E090E09C8B8B8B41E043
:10692000BE016D5E7F4FCF010E94E71F64960FB6D8
:10693000F894DEBF0FBECDBFDF91CF911F910F91B5
:10694000FF90089570E060E00C944434EF920F9350
:106950001F93CF93DF9300D000D0CDB7DEB781E097
:106960008093FD041092FE041092F90F1092FA0F1A
:106970006AE27CE0CE0101960E948D0ACE0101966A
:106980000E94850A8091000562E070E0811102C0DA
:1069900061E070E082E00E9444348091FF04811144
:1069A00010C08CE891E00E948F59EE24E39410E02F
:1069B00000E020E04091F20E60E08CE891E00E945F
:1069C000D7598091F60481110E9411628091F404DC
:1069D000882361F08091FB049091FC04019731F0D1
:1069E0008091F204811102C00E944C5F80914D1988
:1069F0008093060280914F1980930702809152196B
:106A00008093080280915019809309028091531954
:106A100080930D0281E02091DA103091DB10232B5E
:106A200009F080E080930A028091C80280930B02F3
:106A30008091FB049091FC0421E0009709F420E090
:106A400020930C022091890720930F022091FD03CF
:106A5000222309F472C02091FB03222309F46BC0A6
:106A600024E0209312022091FC0320931302209132
:106A7000E203209314022091250220930E02019735
:106A800011F010929C028091D7028093100281E055
:106A90009091F50E9A3B09F080E08093110281E01D
:106AA0008093E90383E08093EA0394E09093EE03FC
:106AB000EBEEF3E0DF011D928A95E9F7E6E0F2E004
:106AC000A4E3BAE085E192E021912D938E179F0710
:106AD000D9F78FE090E09A83898346E0BE016F5F2B
:106AE0007F4F84E39AE00E94E71F8091F50488239A
:106AF00049F00E948550811105C070E060E087E098
:106B00000E94443484E00E94A2346CE17CE0CE0117
:106B100001960E948D0ACE0101960E94850A269652
:106B20000FB6F894DEBF0FBECDBFDF91CF911F919E
:106B30000F91EF90089523E094CF21E092CFEF9250
:106B40000F931F9384E490E00E948F59EE24E39406
:106B500010E000E020E04091F20E60E084E490E07C
:106B60000E94D7598091960F8330C1F1853009F486
:106B700077C0823009F053C083E08093960F83E0A2
:106B800091E00E948F598EE590E00E948F598EE42B
:106B900090E00E948F598DE490E00E948F5920E090
:106BA0004091F20E60E08EE490E00E94D7598CE1B3
:106BB0000E94A2348091F204811173C08091FB0481
:106BC0009091FC04019709F46CC08091F404811148
:106BD00068C01F910F91EF900C94966284E08093AF
:106BE000960F83E091E00E948F598EE590E00E941D
:106BF0008F598EE490E00E948F598DE490E00E94BE
:106C00008F59EE24E39410E000E020E04091F20E72
:106C100060E08EE590E00E94D7598BE1C9CF85E016
:106C20008093960F83E091E00E948F598EE590E06B
:106C30000E948F598EE490E00E948F598DE490E07D
:106C40000E948F59EE24E39410E000E020E0409190
:106C5000F20E60E083E091E00E94D7598AE1A8CF6C
:106C600082E08093960F83E091E00E948F598EE539
:106C700090E00E948F598EE490E00E948F598DE43D
:106C800090E00E948F59EE24E39410E000E020E0B1
:106C90004091F20E60E08DE490E00E94D7598DE1C2
:106CA00087CF1F910F91EF9008952F923F924F92AF
:106CB0005F926F927F928F929F92AF92BF92CF928C
:106CC000DF92EF92FF920F931F93CF93DF93CDB795
:106CD000DEB72C970FB6F894DEBF0FBECDBF80E0B5
:106CE0000E94BD4F80903519880D898381E00E94F4
:106CF000BD4FA09035198A0D8B8382E00E94BD4F55
:106D0000C09035198C0D8D8383E00E94BD4FE090BB
:106D100035198E0D898760904C196A946A86209186
:106D20006E062F838091E00211E08C3009F015E0AF
:106D30008091E1023F81381708F069C18BEA9FE03A
:106D40000E940123882309F462C18091E1024F81EE
:106D5000E42FF0E090911602992309F423C18D30BD
:106D600009F01DC1E85FF44FE491F0E0CF01880F16
:106D7000991F8E0F9F1F815D9B4F98878F8300E027
:106D800020E04FEF64E180E00E94AF5EEF81F88584
:106D9000608371838283F9812F2F30E04B81842EB1
:106DA000912C5D81A52EB12C8985C82ED12C9A8578
:106DB000E92EF12C80916E0665E00E94F6C5F9017E
:106DC000EE0FFF1FFC87EB873401660C771C250153
:106DD000440C551C1601220C331CA701440F551FEF
:106DE00058874F8391114DC2E20FF31FE15DFB4FB6
:106DF000FC87EB8720E04FEF612F81E00E94AF5EC0
:106E0000EB85FC856083718382839301280D391D96
:106E1000215D3B4F3C872B8720E04FEF612F81E0C6
:106E20000E94AF5EEB85FC85608371838283920153
:106E30002A0D3B1D215D3B4F3C872B8720E04FEF08
:106E4000612F81E00E94AF5EEB85FC8560837183DA
:106E5000828391012C0D3D1D215D3B4F3C872B878B
:106E600020E04FEF612F81E00E94AF5EEB85FC8553
:106E70006083718382832F8138852E0D3F1D215DB4
:106E80003B4F38872F8320E04FEF61E081E00E9485
:106E9000AF5EEF81F88560837183828380911A02EF
:106EA00090911B02892B09F485C020E04FEF65E02B
:106EB00084E00E94AF5E6093AD057093AE05809351
:106EC000AF0520E04FEF65E084E00E94AF5E609385
:106ED000B0057093B1058093B20520E04FEF6BE0F1
:106EE00084E00E94AF5E6093B3057093B405809315
:106EF000B50520E04FEF6BE084E00E94AF5E609349
:106F0000B6057093B7058093B80520E04FEF6FE0AA
:106F100084E00E94AF5E6093B9057093BA058093D8
:106F2000BB0520E04FEF6FE084E00E94AF5E60930E
:106F3000BC057093BD058093BE05F091DE022F2F36
:106F40002150330BC901880F991F280F391F235572
:106F50003A4F38872F8320E04FEF6FE084E00E94A4
:106F6000AF5EEF81F885608371838283F091DE02EA
:106F70002F2F30E0C901880F991F280F391F235583
:106F80003A4F38872F8320E04FEF6BE084E00E9478
:106F9000AF5EEF81F88560837183828323C0E75001
:106FA000F54FE2CE8D3019F4E451F54FDDCEE352CA
:106FB000F54FDACEA59A739A80910201886080938A
:106FC000020180910201806180930201809102019F
:106FD00080628093020180910201806480930201AB
:106FE0002C9A2D9A80916E068F5F80936E069091F9
:106FF000E102891333C21092B30F1092B40F4EE125
:1070000050E060E070E081EA9FE00E943123F0915F
:107010006D06FF838091E102F81708F05EC281EAF5
:107020009FE00E940123882309F457C28091E10266
:107030002F81E22FF0E090911602992309F418C2F3
:107040008D3009F012C2E85FF44FE4918150990B42
:107050008E1B9109AC01440F551F480F591F415D0C
:107060005B4F58874F8300E020E04FEF60E080E007
:107070000E94AF5EEF81F885608371838283F9811E
:107080002F2F30E04B81842E912C5D81A52EB12CC9
:107090008985C82ED12C9A85E92EF12C80916D0618
:1070A00065E00E94F6C5F901EE0FFF1FFC87EB8734
:1070B0003401660C771C2501440C551C1601220C6A
:1070C000331CA701440F551F58874F83911113C4D8
:1070D000E20FF31FE15DFB4FFC87EB8720E04FEFF2
:1070E000612F81E00E94AF5EEB85FC856083718338
:1070F00082839301280D391D215D3B4F3C872B87EF
:1071000020E04FEF612F81E00E94AF5EEB85FC85B0
:1071100060837183828392012A0D3B1D215D3B4F69
:107120003C872B8720E04FEF612F81E00E94AF5E0C
:10713000EB85FC8560837183828391012C0D3D1D5D
:10714000215D3B4F3C872B8720E04FEF612F81E093
:107150000E94AF5EEB85FC856083718382832F8103
:1071600038852E0D3F1D215D3B4F38872F8320E052
:107170004FEF61E081E00E94AF5EEF81F8856083B0
:107180007183828380911A0290911B02892B09F4EA
:1071900077C120E04FEF65E084E00E94AF5E60932E
:1071A000AD057093AE058093AF0520E04FEF65E02D
:1071B00084E00E94AF5E6093B0057093B105809348
:1071C000B20520E04FEF6BE084E00E94AF5E609379
:1071D000B3057093B4058093B50520E04FEF6BE0E5
:1071E00084E00E94AF5E6093B6057093B70580930C
:1071F000B80520E04FEF6FE084E00E94AF5E60933F
:10720000B9057093BA058093BB0520E04FEF6FE09E
:1072100084E00E94AF5E6093BC057093BD058093CF
:10722000BE058091DE028150990B9C01220F331F15
:10723000280F391F23553A4F38872F8320E04FEF0F
:107240006FE084E00E94AF5EEF81F8856083718318
:1072500082838091DE0290E09C01220F331F280F71
:10726000391F23553A4F38872F8320E04FEF6BE0CB
:1072700084E00E94AF5EEF81F88560837183828332
:1072800017C14B855C85420F531F415D5B4F5C8787
:107290004B8700E020E04FEF60E081E00E94AF5EAE
:1072A000EB85FC856083718382839301280D391DF2
:1072B000215D3B4F3C872B8720E04FEF60E081E072
:1072C0000E94AF5EEB85FC856083718382839201AF
:1072D0002A0D3B1D215D3B4F3C872B8720E04FEF64
:1072E00060E081E00E94AF5EEB85FC856083718386
:1072F000828391012C0D3D1D215D3B4F3C872B87E7
:1073000020E04FEF60E081E00E94AF5EEB85FC85FE
:107310006083718382832F8138852E0D3F1D215D0F
:107320003B4F38872F8320E04FEF60E081E00E94E1
:10733000AF5EEF81F88560837183828380911A024A
:1073400090911B02892B09F470C020E04FEF60E0A0
:1073500084E00E94AF5E6093AD057093AE058093AC
:10736000AF0520E04FEF60E084E00E94AF5E6093E5
:10737000B0057093B1058093B20520E04FEF60E057
:1073800084E00E94AF5E6093B3057093B405809370
:10739000B50520E04FEF60E084E00E94AF5E6093AF
:1073A000B6057093B7058093B80520E04FEF60E015
:1073B00084E00E94AF5E6093B9057093BA05809334
:1073C000BB0520E04FEF60E084E00E94AF5E609379
:1073D000BC057093BD058093BE058091DE0281508F
:1073E000990B9C01220F331F280F391F23553A4F49
:1073F00038872F8320E04FEF60E084E00E94AF5E8B
:10740000EF81F8856083718382838091DE0290E052
:107410009C01220F331F280F391F23553A4F3887FD
:107420002F8320E04FEF60E0B1CDA5987398809155
:107430000201877F80930201809102018F7E8093F9
:107440000201809102018F7D8093020180910201EF
:107450008F7B809302012C982D98C4CD4EE150E093
:1074600060E070E08BEA9FE0D0CDE750F54FEDCDC6
:107470008D3019F4E451F54FE8CDE352F54FE5CDE9
:10748000A59A739A8091020188608093020180918D
:1074900002018061809302018091020180628093E9
:1074A0000201809102018064809302012C9A2D9A3E
:1074B00080916D068F5F80936D069091E102891334
:1074C00007C31092A90F1092AA0F4EE150E060E09E
:1074D00070E087E99FE00E943123F090A102FF2035
:1074E00009F4EFC187E99FE00E940123882309F492
:1074F000E8C1F9818F2E912C2401440C551C920176
:10750000280D391D215D3B4F3A83298300E020E09F
:107510004F2D612F81E00E94AF5EE981FA81608387
:1075200071838283FB81AF2EB12C1501220C331C99
:1075300091012A0D3B1D215D3B4F3A83298320E0B9
:107540004091A102612F81E00E94AF5EE981FA8142
:10755000608371838283FD81CF2ED12C9601220F0F
:10756000331F3A8329832C0D3D1D215D3B4F3C8306
:107570002B8320E04091A102612F81E00E94AF5E49
:10758000EB81FC81608371838283F985EF2EF12C7E
:107590009701220F331F3C832B832E0D3F1D215D4E
:1075A0003B4F3E832D8320E04091A102612F81E07B
:1075B0000E94AF5EED81FE81608371838283FA85D4
:1075C0006F2E712C9301220F331F3E832D83260DC6
:1075D000371D215D3B4F38872F8320E04091A1026A
:1075E00061E081E00E94AF5EEF81F8856083718386
:1075F000828380911A0290911B02892B09F481C029
:1076000020E04091A10265E084E00E94AF5E6093BB
:10761000AD057093AE058093AF0520E04091A102C7
:1076200065E084E00E94AF5E6093B0057093B105A1
:107630008093B20520E04091A1026BE084E00E94BB
:10764000AF5E6093B3057093B4058093B50520E0F9
:107650004091A1026BE084E00E94AF5E6093B605AA
:107660007093B7058093B80520E04091A1026FE0C8
:1076700084E00E94AF5E6093B9057093BA05809371
:10768000BB0520E04091A1026FE084E00E94AF5E64
:107690006093BC057093BD058093BE05F091DE023A
:1076A0002F2F2150330BC901880F991F280F391F25
:1076B00023553A4F38872F8320E04091A1026FE095
:1076C00084E00E94AF5EEF81F885608371838283DE
:1076D000F091DE022F2F30E0C901880F991F280F8B
:1076E000391F23553A4F38872F8320E04091A1025C
:1076F0006BE084E00E94AF5EEF81F8856083718368
:10770000828380911902893108F0E9C1873108F03C
:10771000E9C165E18C3009F067E08091A102109128
:10772000031190912102992309F4DEC12FEF30E07B
:10773000A901481B5109CA0170E00E9416C6160F24
:10774000809102118117E0F0812F90E02091F103E8
:10775000FC01EE0FFF1FF887EF83213009F0C8C14D
:10776000E80FF91FE355FA4FF887EF834FEF65E015
:1077700082E00E944663EF81F88560837183828393
:1077800080912102882309F4C3C1809103118117DC
:10779000E8F4212F2150330B809102118217130638
:1077A000ACF0A901440F551F420F531F43555A4FC8
:1077B00058874F8300E020E04FEF60E082E00E94B6
:1077C000AF5EEF81F8856083718382838091A1022F
:1077D00081508093A1028111AEC110929F0F10922F
:1077E000A00F9201280D391D215D3B4F38872F8353
:1077F00000E020E04FEF60E081E00E94AF5EEF81AB
:10780000F88560837183828391012A0D3B1D215D80
:107810003B4F38872F8320E04FEF60E081E00E94EC
:10782000AF5EEF81F88560837183828329813A811D
:107830002C0D3D1D215D3B4F3A83298320E04FEF06
:1078400060E081E00E94AF5EE981FA81608371832C
:1078500082832B813C812E0D3F1D215D3B4F3A835E
:10786000298320E04FEF60E081E00E94AF5EE98174
:10787000FA816083718382832D813E81260D371DBD
:10788000215D3B4F3A83298320E04FEF60E081E0A8
:107890000E94AF5EE981FA816083718382830E94D6
:1078A0008E5F0E94B66183E70E94A23481E08093DC
:1078B00000050E94942465E070E080E090E00E9462
:1078C000A0872C960FB6F894DEBF0FBECDBFDF9118
:1078D000CF911F910F91FF90EF90DF90CF90BF90CD
:1078E000AF909F908F907F906F905F904F903F9060
:1078F0002F900C9494244B855C85420F531F415D5F
:107900005B4F5C874B8700E020E04FEF60E081E059
:107910000E94AF5EEB85FC85608371838283930157
:10792000280D391D215D3B4F3C872B8720E04FEF11
:1079300060E081E00E94AF5EEB85FC85608371832F
:10794000828392012A0D3B1D215D3B4F3C872B8793
:1079500020E04FEF60E081E00E94AF5EEB85FC85A8
:1079600060837183828391012C0D3D1D215D3B4F0E
:107970003C872B8720E04FEF60E081E00E94AF5E04
:10798000EB85FC856083718382832F8138852E0D82
:107990003F1D215D3B4F38872F8320E04FEF60E094
:1079A00081E00E94AF5EEF81F885608371838283FE
:1079B00080911A0290911B02892B09F470C020E07B
:1079C0004FEF60E084E00E94AF5E6093AD0570937E
:1079D000AE058093AF0520E04FEF60E084E00E94A9
:1079E000AF5E6093B0057093B1058093B20520E05F
:1079F0004FEF60E084E00E94AF5E6093B305709348
:107A0000B4058093B50520E04FEF60E084E00E946C
:107A1000AF5E6093B6057093B7058093B80520E01C
:107A20004FEF60E084E00E94AF5E6093B905709311
:107A3000BA058093BB0520E04FEF60E084E00E9430
:107A4000AF5E6093BC057093BD058093BE058091C9
:107A5000DE028150990B9C01220F331F280F391F22
:107A600023553A4F38872F8320E04FEF60E084E0C2
:107A70000E94AF5EEF81F88560837183828380917D
:107A8000DE0290E09C01220F331F280F391F23557F
:107A90003A4F38872F8320E04FEF60E0E9CBA5987D
:107AA000739880910201877F809302018091020187
:107AB0008F7E80930201809102018F7D809302016D
:107AC000809102018F7B809302012C982D98F0CC3D
:107AD0004EE150E060E070E081EA9FE0FCCC8A314A
:107AE00009F01ACE69E019CE0E94F6C5180F28CE0B
:107AF0002F813885280F391F23553A4F38872F8318
:107B000000E020E04FEF65E082E00E94AF5E33CE00
:107B100080910211181708F059CE212F30E02F5F05
:107B20003F4FC901880F991F280F391F23553A4F1E
:107B300038872F833FCE45E050E060E070E087E972
:107B40009FE00E943123BDCE3F924F925F926F9291
:107B50007F928F929F92AF92BF92CF92DF92EF92DD
:107B6000FF920F931F93CF93DF9380919C02882302
:107B7000B9F010929C021092A80580910311809395
:107B8000A70580914F198250823008F4F0C080918F
:107B9000351990912102992309F4E7C08093341993
:107BA0000E9485509091F6048111E5C02091FB045C
:107BB0003091FC04232B09F4DEC08091F104811183
:107BC000DAC09111DBC08091F504811136C01092AA
:107BD00095021092930281E08093F50480914F19F1
:107BE000825044EF51E060E070E0823090F4809188
:107BF00050190E949750811102C00E94DA6140E042
:107C000050E0BA018AE299E10E94312340E050E05D
:107C1000BA0182EE90E10E9431230E9400610E942D
:107C20008550682F70E087E00E9444340E948550A0
:107C3000682F70E080E30E94AD24809150190E946B
:107C40009750811108C08091040220E1829FC001F9
:107C500011240E94ED7680914F198250823008F4F1
:107C600019C18091A002EAE08E9FC00111240E94F8
:107C7000686782EE90E10E940123882309F4F0C036
:107C800080E00E944C6080E00E94CA5040919102C6
:107C90005091920270E060E082EE90E10E94312308
:107CA0008AE50E94FD50C09150198C2F0E94975078
:107CB000882309F464C68091FB049091FC04019729
:107CC00059F480912819811107C040E050E0BA01B1
:107CD00080E299E10E94312380E299E10E94012330
:107CE000882309F408C61091C8028091FB04909182
:107CF000FC04892B09F036C50091F704002309F430
:107D000031C5112309F4C9C4D0E0C0E08091E0027C
:107D1000D81708F0F4C4ED2EF12C809135198E0D92
:107D20009F2D911D9C01220F331F820F931F815D98
:107D30009B4F0E944383C11116C0E0913519EE0E8E
:107D4000F11CF701EE0FFF1FEE0DFF1DE15DFB4F74
:107D500080818111A0C4818181119DC4C1E0828193
:107D6000811101C0C0E0DF5FD1CF8E5F17CF83E00C
:107D70008093A60515CF992309F405C28091F504D7
:107D8000811134C0109295021092930280914F1984
:107D9000825044EF51E060E070E0823090F48091D6
:107DA00050190E9497508111B9C00E94DA6140E0D9
:107DB00050E0BA018AE299E10E94312340E050E0AC
:107DC000BA0182EE90E10E943123809196028823CD
:107DD00041F08091E10281508093EB0480E00E94A9
:107DE000366C81E08093F5040E94006180912E043E
:107DF000811107C080915019823019F081E00E94F2
:107E0000395082E390E10E940123882309F4C8C01D
:107E10004091F20E80915019EE24E39410E000E0BE
:107E200020E0823009F07DC061E084E591E00E94AD
:107E3000D7598091531940918D0250918E02823012
:107E400009F4A2C008F093C040918F0250919002B3
:107E5000813009F499C0409187025091880294C002
:107E600082EE90E10E94BB22209191023091920219
:107E700036952795890130E020E060177107820769
:107E8000930708F00DCF81E00E944C6081E00E94D2
:107E9000CA5006CF80919102909192029C01220FCC
:107EA000331F820F931F0E94F16A82EE90E10E94BD
:107EB00001238823A1F0409191025091920256959E
:107EC000479570E060E082EE90E10E94312380E00F
:107ED0000E944C6080E00E94CA508EE1E2CE82EEA9
:107EE00090E10E94BB22209191023091920236953E
:107EF000279536952795890130E020E060177107B6
:107F00008207930708F0CFCE86E20E94FD5081E001
:107F10000E944C6081E00E94CA50C5CE0E946A5106
:107F200046CF60E082EB90E00E94D759C091F20EFC
:107F30000E94B7C325E030E040E050E00E9483C5D6
:107F4000FB01EE0FFF1FED52F54F8591949108E76D
:107F500010E021E04C2F60E00E94D75908EE13E0BA
:107F600021E04091F20E61E083EB90E060CF409120
:107F70008B0250918C02833039F0409189025091EC
:107F80008A02843009F067CF70E060E08FE090E112
:107F90000E94312380912E04811102C00E94395029
:107FA000809150190E949750811110C080919602C3
:107FB000882321F08091EB04181644F48091040288
:107FC000F0E18F9FC00111240E94ED7680914F193E
:107FD0008250823008F462C08091960281114FC0B5
:107FE0008091A0022AE0829FC00111240E9468674C
:107FF0008CE30E94FD50809117108823B1F180918D
:108000005019823091F180912E04882319F081E07B
:108010000E94395081E00E94ED4F8BEF9FE00E945B
:108020000123882309F495C01092031010920410C4
:1080300042E350E060E070E085E090E10E9431238F
:1080400080918602882339F081E00E944C60809103
:108050008602811107C080912D04811103C081E047
:108060000E944C6081E00E94CA508FE090E10E9423
:108070000123882309F417CE0E94116214CE809147
:10808000EB0418160CF05FC08091A002EAE08E9F0E
:10809000C00111240E9468678EE1ABCF82EE90E1AF
:1080A0000E940123882331F1409191025091920264
:1080B0005695479570E060E082EE90E10E94312392
:1080C000809150190E949750811195CF80911F0285
:1080D000C0E0811103C00E94DA618DCF8C2F0E9415
:1080E000BD4F90913519890F0E949569CF5FC430BB
:1080F000A9F781CF82EE90E10E94BB2220919102EC
:10810000309192023695279536952795890130E072
:1081100020E0601771078207930708F06CCF809109
:10812000960281110CC08EE10E94FD508091501981
:108130000E94975081115FCF0E94D6635CCF8091DF
:10814000EB04181684F380E00E94FD500E94B66193
:1081500052CF85E090E10E940123882309F477CF74
:1081600010920D1010920E1042E350E060E070E0AB
:108170008BEF9FE00E94312380918602882309F4CF
:108180006ACF80E062CF60919A0270919B028091E9
:108190009402882309F4CCC0109294028AEF98E1EB
:1081A0000E943711609198027091990284E091E1E8
:1081B0000E94371180914F1982508230D0F4609123
:1081C00091027091920205E110E028EB3BE040E063
:1081D00050E08AEF98E10E94FE106091050270E085
:1081E00028EB3BE040E050E084E091E10E94FE108B
:1081F00041C08FEB9FE00E94BB222091A002E22FA2
:10820000F0E0672B682B692B99F009E010E020E77C
:1082100037E140E050E0BF018AEF98E10E94FE1094
:108220006091040270E020E737E140E050E0DCCFED
:108230002091E904222399F003E010E02CED35E0D1
:1082400040E050E0BF018AEF98E10E94FE1060918B
:10825000040270E02CED35E040E050E0C5CFF09333
:108260009B02E0939A028091040290E0909399021D
:108270008093980220919A0230919B0290914F191D
:108280009250923008F012C1C9010E94F16A8091A7
:10829000EF0F882309F474C180914F19853009F0DC
:1082A0006FC1C091C80240E050E0BA0180E299E19C
:1082B0000E94312380E299E10E940123882309F47E
:1082C0005FC110E060E1C62ED12CE12CF12CCC2353
:1082D00009F4F0C0A12E012E000CBB088091E00231
:1082E0008A151B0409F00CF427C10E94B7C3C09182
:1082F0003519CA0DDB2DD11D9E01220F331FC20F70
:10830000D31FC15DDB4FA70196010E9483C5AB015E
:10831000BC014B5F5F4F6F4F7F4F00E020E063E198
:1083200081E00E94AF5E688379838A831F5FD2CF2A
:108330008091F104882309F49DCF1092F1048AEF13
:1083400098E10E943711609198027091990284E03F
:1083500091E10E94371180914F19823009F56091A7
:1083600091027091920290E080E00E944EC426E655
:1083700036E646EA5FE30E94AFC40E9444C704E1C8
:1083800010E024EC39E040E050E08AEF98E10E94F0
:10839000FE1024EC39E040E050E06CE271E024CFC4
:1083A0008330F9F4609191027091920290E080E044
:1083B0000E944EC426E636E646EA5FE30E94AFC45A
:1083C0000E9444C704E110E024E630E040E050E0C1
:1083D0008AEF98E10E94FE1024E630E040E050E091
:1083E000DCCF9091EF0F992331F16091E70F7091FD
:1083F000E80F8091E90F9091EA0FE3E0CE2ED12CA7
:10840000E12CF12CA70196010E94B5C508E010E00F
:108410006CE271E08AEF98E10E94FE106091E70F34
:108420007091E80F8091E90F9091EA0FA7019601F2
:108430000E94B5C5B2CF9091E904853099F49111AD
:1084400013C008E010E021E43AE040E050E06CE2C4
:1084500071E08AEF98E10E94FE1021E43AE040E0EA
:1084600050E09BCF992389F008E010E020E632E24B
:1084700040E050E06CE271E08AEF98E10E94FE106B
:1084800020E632E240E050E088CF08E010E024E04F
:1084900039E240E050E06CE271E08AEF98E10E943E
:1084A000FE1024E039E240E050E077CFC9010E949D
:1084B0006867EDCEC12F012E000CDD0B80911902F3
:1084C0008C171D06C9F1C4F1209103112C0F3D2F0B
:1084D000311D8091A705082E000C990B01972817D4
:1084E000390741F48091A905811124C08091F004DD
:1084F000811120C00E94B7C320910311C20FD11D6A
:108500009E01220F331FC20FD31FC355DA4FA7019D
:1085100096010E9483C5AB01BC014B5F5F4F6F4F5B
:108520007F4F00E020E063E181E00E94AF5E68835E
:1085300079838A831F5FBECF809153194AE550E04B
:1085400060E070E08230C1F058F444E650E060E052
:1085500070E0813089F04CE350E060E070E00CC0E6
:1085600040E550E060E070E0833031F046E450E0F8
:1085700060E070E0843079F780E299E10E94312375
:10858000C091C802809150190E949750C1118BCBA5
:10859000811106C080919802909199020E94ED7617
:1085A0008091A905882309F47ECBC091E70FD09173
:1085B000E80F87EE9FE00E94BB222091E70F3091E9
:1085C000E80F4091E90F5091EA0FC21BD30B6C0FDB
:1085D0007D1FE4E6E69FC001E79F900D1124BC01DA
:1085E00090E080E00E94B5C52F30310518F410925C
:1085F000A90520E0822F0E94C963482F2091A7057A
:10860000022E000C330B5091F1038091210288233C
:1086100019F18091031182171306A9F480910211B8
:10862000C82FD0E0CE01880F991FC80FD91FC3559E
:10863000DA4F513049F56BE082E00E94466368836F
:1086400079838A8330CB21503109C901880F991F62
:10865000280F391FE901EBCF809102118217130611
:1086600009F054F420910311C22FD0E09E01220F93
:10867000331FC20FD31FDBCF2F5F3F4FB901660FF0
:10868000771F260F371FE6CF00E020E06BE082E087
:108690000E94AF5ED4CFC12F66CBC0E0D0E0809106
:1086A0001902D81760F5ED2EF12C809103118E0D73
:1086B0009F2D911D9C01220F331F820F931F835505
:1086C0009A4F0E944383C11116C0E0910311EE0E30
:1086D000F11CF701EE0FFF1FEE0DFF1DE355FA4FE2
:1086E000808181110AC08181811107C0C1E082812E
:1086F000811101C0C0E0DF5FD2CFC02FFCCFCC23FF
:10870000C9F04EE150E060E070E080E299E1DF9175
:10871000CF911F910F91FF90EF90DF90CF90BF907E
:10872000AF909F908F907F906F905F904F903F9011
:108730000C94312310922819109229191092F704E1
:10874000DF91CF911F910F91FF90EF90DF90CF902D
:10875000BF90AF909F908F907F906F905F904F9061
:108760003F90089580911E0265E0362E882331F0F7
:108770006091501981E00E943D24382E8091EF04D1
:10878000882309F453C080915319C7E9823061F0FE
:1087900028F4C9E7813041F0CDED06C0C5EB833048
:1087A00019F0C9EC8430C1F7D8E2112309F450C0A4
:1087B00010E04C2E512C712C612C8091E002181786
:1087C00008F083C0CD2ED12CF12CE12CC414D5049B
:1087D000E604F70484F4530142018C189D08AE08A6
:1087E000BF080E94B7C3A50194010E9483C5C60EAD
:1087F000D71EE81EF91EA0903519A10EBB24BB1C84
:10880000C501880F991FA80EB91EC501815D9B4F38
:108810005C0100E020E04C2D632D81E00E94AF5E02
:10882000F5016083718382831F5FC7CF8091F50458
:1088300081110BC08091F604811107C08091ED0475
:10884000C9E7D2E3882309F4B0CFC9E2D4E1ADCFC0
:1088500010E04C2E512C712C612C809119021817AC
:10886000A0F5CD2ED12CF12CE12CC414D504E604B6
:10887000F70484F4530142018C189D08AE08BF0828
:108880000E94B7C3A50194010E9483C5C60ED71EDE
:10889000E81EF91EA0900311A10EBB24BB1CC5014C
:1088A000880F991FA80EB91EC50183559A4F5C0108
:1088B00000E020E04C2D632D81E00E94AF5EF501C9
:1088C0006083718382831F5FC8CFD233A9F5C93714
:1088D00099F50E94B7C32FE130E040E050E00E94DC
:1088E00083C5AB01BC014A5B5F4F6F4F7F4F80E296
:1088F00099E10E9431238091EF04811121CF809171
:10890000F60481111DCF8091F504811119CF80915A
:108910009E02DF91CF911F910F91FF90EF90DF901A
:10892000CF90BF90AF909F908F907F906F905F900F
:108930004F903F900C94FD50809153194AE550E0C0
:1089400060E070E0823099F258F444E650E060E074
:1089500070E0813061F24CE350E060E070E0C7CF3E
:1089600040E550E060E070E0833009F4C0CF46E4B9
:1089700050E060E070E0843009F4B9CFECCF809132
:10898000C802882309F4DCCE80911E02D5E088233A
:1089900029F06C2F81E00E943D24D82F8091E002C5
:1089A0008C3009F4D0E280914F198250823008F463
:1089B0000FC18AE2882E81E1982E95E0A92E94E0DD
:1089C000B92E2EE7C22E25E0D22E32E1E32E35E17C
:1089D000F32EC0E055245394C4010E9467138823EA
:1089E00061F1F6015082C4010E941016182FF501A2
:1089F00080838C2F0E94AD508823F9F08C2F0E9429
:108A0000AD5060903519680E7724771CF1E06F1A2D
:108A10007108C301880F991F680E791EC301815D1B
:108A20009B4F3C0100E020E0412F6D2F81E00E9430
:108A3000AF5EF301608371838283809122020E9482
:108A4000C963482EC4010E944213882309F44CC014
:108A5000F5018081841508F447C0F60180818823E0
:108A600009F442C0F5014082F6011082642DC7016D
:108A70000E94A9138091E00220919A0230919B02FA
:108A80008C3009F4A2C0C901880F991F280F391F23
:108A900050E040E005E110E060E0C7010E9476137D
:108AA0008C2F0E94AD508823F9F08C2F0E94AD507E
:108AB00060903519680E7724771CF1E06F1A710801
:108AC000C301880F991F680E791EC301815D9B4FFA
:108AD0003C0100E020E0442D6D2F81E00E94AF5E5C
:108AE000F301608371838283C7010E946713882327
:108AF00051F1C7010E941016182FF50180838C2FA9
:108B00000E94AD508823F9F08C2F0E94AD506090E8
:108B10003519680E7724771CF1E06F1A7108C301CC
:108B2000880F991F680E791EC301815D9B4F3C0120
:108B300000E020E0412F6D2F81E00E94AF5EF30145
:108B4000608371838283C7010E944213882361F18D
:108B5000F6018081811128C0F5011082F601508252
:108B60008C2F0E94AD508823F9F08C2F0E94AD50BD
:108B700060903519680E7724771CF1E06F1A710840
:108B8000C301880F991F680E791EC301815D9B4F39
:108B90003C0100E020E04FEF60E081E00E94AF5E2A
:108BA000F301608371838283CF5FF9E18F0E911CA3
:108BB0002FEFA21AB20A8FEFC81AD80A99E1E90E6C
:108BC000F11CC83209F008CFBBCD220F331F60CF94
:108BD00080911F02882309F4B3CD8091F604882385
:108BE00051F0809150199BEF980F923008F4D7C044
:108BF000843009F4D4C0809122020E94C963782E87
:108C0000C0E069E1662E11E0E82FE150FF0B2F0173
:108C10008091E002C81708F093CDEC2EF12CC69D90
:108C200060011124C601865D9E4E4C010E946713AF
:108C3000882339F1F701E258FA4F1083C4010E94EA
:108C40001016382EA0903519AE0CBF2CB11CC501E2
:108C5000880F991FA80EB91EF501E15DFB4F5F015A
:108C60000091F604012720E0432D6D2F81E00E9442
:108C7000AF5EF501608371838283F701EB5FFB4F89
:108C80003082C4010E944213882361F1C7018B5FC7
:108C90009B4F4C01FC0180818415150419F5F701E7
:108CA000E258FA4F80818823E9F0A0903519AE0C84
:108CB000BF2CB11CC501880F991FA80EB91EC50194
:108CC000815D9B4F5C010091F604012720E0472D58
:108CD0006D2F81E00E94AF5EF50160837183828316
:108CE000F4017082C6018E5E9A4E6C010E94671379
:108CF000882339F1C6010E941016982EA0903519CC
:108D0000AE0CBF2CB11CC501880F991FA80EB91E4F
:108D1000F501E15DFB4F5F010091F604012720E0C2
:108D2000492D6D2F81E00E94AF5EF5016083718354
:108D30008283F701EB5FFB4F9082F701E258FA4F15
:108D40001082C6010E944213882339F1C70182585C
:108D50009A4F5C01FC01808181111FC0C0903519C0
:108D6000CE0CDF2CD11CC601880F991FC80ED91E4E
:108D7000C601815D9B4F6C0100E020E04FEF60E099
:108D800081E00E94AF5EF601608371838283F70108
:108D9000EB5FFB4F1082F5011083CF5F39CFD5E039
:108DA0002ACF1F93CF93DF9300D000D01F921F9242
:108DB000CDB7DEB718861F8211E01093740680933A
:108DC000750694E090937906E6E7F6E023E0DF018C
:108DD0001D922A95E9F7863309F4B0C080F48330F8
:108DE00009F4CFC0893209F4DCC028960FB6F89494
:108DF000DEBF0FBECDBFDF91CF911F9108958535A6
:108E000009F43DC1863509F44AC1843571F767ED2F
:108E10007BE0CE0101960E948D0ACE0101960E9450
:108E2000850A6091F60E6C53770B8091F40E9B01CE
:108E3000281B310987FD339544E6429FC001439FBB
:108E4000900D11240E9416C61092580210928102B1
:108E50001092820280914D198093590280912602CE
:108E600080935A0280914F1980935B0260935D0258
:108E70008091F50380935E02809183028093630268
:108E80008091F4038093640280918602809365024E
:108E9000809196028093670280912E0480936602EF
:108EA0008091FF04809362028091230280935F028D
:108EB0008091FF031827109360028091EF03809345
:108EC000800280912402811180935C028091E002F3
:108ED000809368028091D202809369028091D302CC
:108EE00080936A028091220280936B02809121021A
:108EF000809361028091200280936C0280911F0216
:108F000080936D0280911E028093790280911D02F0
:108F100080936E028091F30380936F0280911C0214
:108F20008093710280911A0290911B02009709F4BC
:108F30004FC0019709F49AC083E04BC03091D20230
:108F4000309376062091D302209377061093550C28
:108F50008093560C3093570C2093580C80917806D0
:108F60008093590C90935A0C86E090E098878F83F9
:108F700042E0BE01695F7F4F85E59CE00E94E71FEC
:108F800034CFE2EAF2E0A5E5BCE081918D9382E086
:108F9000E83CF807D1F786E290E098878F8346E0B7
:108FA000E8CF4091D802409376063091D7023093B3
:108FB00077062091D602209378061093550C809363
:108FC000560C4093570C3093580C2093590CCACF31
:108FD00081E08093700280911902809372028091E7
:108FE000D002809373028091D102809374028091A9
:108FF0001802809375028091F1038130C9F11092BB
:1090000076028091F203809377028091170281307B
:1090100091F1823091F181E0809378028091E102B8
:1090200080937A028091160280937B028091D40211
:1090300080937C028091D50280937D0280911502FD
:1090400080937E028091F00380937F02E8E5F2E056
:10905000A5E5BCE081918D9382E0E338F807D1F774
:109060008BE290E098878F8343E083CF82E0B1CF9B
:1090700080937602C6CF82E0CFCF83E0CDCFECE302
:10908000F2E0A5E5BCE081918D9382E0E835F80738
:10909000D1F78CE190E098878F8344E06ACF60EF4E
:1090A0007BE0CE0101960E948D0ACE0101960E94BE
:1090B000850A8091D902809328028091DA028093F8
:1090C00029028091DB0280932A028091DC02809346
:1090D0002B028091DD0280932C0280918702909177
:1090E000880228EE33E0B9010E9402C660932D0287
:1090F0008091890290918A02B9010E9402C6609310
:109100002E0280918B0290918C02B9010E9402C6BE
:1091100060932F0280918D0290918E02B9010E947E
:1091200002C66093300280918F0290919002B90143
:109130000E9402C6609331028091970280932702B9
:109140008091FE04811119C01093320210923302F3
:109150001092340210923502109236028EE1809302
:10916000370283E28093380288E28093390282E3F7
:1091700080933A028CE380933B02E7E2F2E0A5E5BC
:10918000BCE08CE392E021912D938E179F07D9F7D5
:1091900085E190E098878F8345E0EBCEEF920F93C7
:1091A0001F93CF93DF93CDB7DEB764970FB6F894D4
:1091B000DEBF0FBECDBF81508B3508F04FC18B0194
:1091C000E82FF0E08827E851F74B8F4F0C942AC620
:1091D000294A43492E4A3A4A2E4A2E4A2E4A2E4AB4
:1091E0002E4A2E4AC84AE84A2E4AC64D2E4A2E4AD0
:1091F0002E4A2E4A894A2E4A2E4A2E4A2E4A8F4BF2
:109200002E4A2E4A2E4A2E4A2E4AF14C1F4D4F4CC2
:109210004B4C564C534CEB4CEE4C064C094C0C4C06
:109220002E4A4C4F5F4FA54D844D634D424DAD4A84
:10923000BC4A2E4A2E4A524A704A2E4A594CEC4B8E
:10924000F14A564B2E4A2E4A2E4A2E4A2E4A2E4A72
:109250008D4A9D4A2E4A614C2E4A2E4A2E4A2E4A4B
:109260002D4F2E4A2E4A2E4A2E4A2E4A2E4A2E4A3A
:109270001A4F1E4F254F2E4A2E4A2E4A2E4A2E4A4C
:109280002E4A634F764F81E08093E80310920404E6
:109290001092E50F1092E60F69E27BE0CE01019695
:1092A0000E948D0ACE0101960E94850A82E00E94EA
:1092B000D32480914D198093A20290914F199093DD
:1092C000A302909152199093A402909150199093F7
:1092D000A50290914E19813009F491E081E091301E
:1092E00009F080E08093A602809153198093AC022C
:1092F00081E090915719923009F080E08093AE029E
:109300008091FE048093AD028091EF048093AF02C0
:1093100081E02091FB043091FC04232B09F480E0D0
:109320008093A802809197028093A90280912502E0
:109330008093AA0220E030E048EC52E460910004FF
:109340007091010480910204909103040E94AFC4C3
:109350000E9444C770E07093C5026093C40280917C
:10936000D2028093B2028091D3028093B3028091A3
:10937000C8028093A702809121028093AB02809162
:1093800002028093B1028091F6048093B002809132
:10939000890790918A079093C1028093C0028091BF
:1093A000E0039091E1039093C3028093C202809105
:1093B000FD038093B8028091FB038093B9028091F2
:1093C000FC038093BA028091E2038093BB028091F8
:1093D000F9039091FA039093BD028093BC028091AF
:1093E000F7039091F8039093BF028093BE0281E04F
:1093F0009091F50E9A3B09F080E08093B402809141
:10940000D8028093B5028091D7028093B6028091F2
:10941000D6028093B70283E00E94D1468091F50482
:10942000882349F00E948550811105C070E060E0FA
:1094300080E30E94AD2484E00E94D32465E17BE0B8
:10944000CE0101960E948D0ACE0101960E94850AE6
:1094500005C01092E80381E08093040464960FB67F
:10946000F894DEBF0FBECDBFDF91CF911F910F915A
:10947000EF9008956FEB7BE0CE0101960E948D0A7C
:10948000CE0101960E94850A1092E80381E0809344
:10949000040440E45FE160E070E08DED9FE00E9435
:1094A0003123DCCF81E080934E1980914D198130BA
:1094B00061F48091FB049091FC04892B31F482E0EB
:1094C00090E09093F9048093F8048091FE0488233F
:1094D00019F08CE40E94A2348FE30E94D324BECF03
:1094E00010924E198091FB049091FC0481309105FB
:1094F00039F49093F9048093F80482E10E94D32414
:109500008091FE04882319F08DE40E94A23480E447
:10951000E4CF82E40E94A234A1CF8091FE0488238C
:1095200011F080E5F7CF8091FB049091FC04019746
:1095300009F094CF0E94465A91CF8091FE0488236F
:1095400011F081E5E7CF8091FB049091FC04019735
:1095500009F084CF0E946D2981CF8091230281116F
:109560007DCF81E08093AA050E948550682F70E02E
:1095700080E30E94AD2472CF8091230281116ECFCF
:109580001092AA050E948550682F70E081E3F1CF08
:109590008091FE048823B9F084E70E94A234809170
:1095A0004F19853009F45ACF0E94C359EE24E39431
:1095B00004EC19E021E04091F20E61E08BE691E0CD
:1095C0000E94D7594BCF80E797E10E94E72BE7CF66
:1095D0008091FE04882311F085E79CCF0E94F1253D
:1095E0003DCF8091970291E089276115710529F09F
:1095F00081E06230710509F080E08093970285E593
:1096000090E00E948F5984E590E00E948F598091EC
:109610009702882359F18DE390E00E948F59EE2440
:10962000E39410E000E020E04091F20E60E08DE372
:1096300090E00E94D7598091FB049091FC0401971F
:1096400059F020E04091F20E60E084E590E00E9445
:10965000D75980E20E94A2348091970262E070E0C4
:10966000811102C061E070E089E383CF8CE290E079
:109670000E948F59EE24E39410E000E020E0409136
:10968000F20E60E08CE290E00E94D7598091FB04DA
:109690009091FC04019701F320E04091F20E60E00C
:1096A00085E590E00E94D7598FE1D4CF80912502C3
:1096B00091E089276115710529F081E0623071051B
:1096C00009F080E08093250280E590E00E948F59A8
:1096D00081E590E00E948F5980912502EE24E39469
:1096E00010E000E020E04091F20E60E0882389F075
:1096F00080E590E00E94D75989E00E94A2348091D1
:10970000250262E070E0811102C061E070E08AE34E
:1097100030CF81E590E00E94D7598AE0EECF80916A
:10972000210291E089276115710529F081E06230FD
:10973000710509F080E0809321028FE390E00E94A0
:109740008F5980E490E00E948F5986E590E00E9456
:109750008F5987E590E00E948F5980912102EE2475
:10976000E39410E000E020E04091F20E60E08823F6
:10977000F9F08FE390E00E94D7598091FB0490911B
:10978000FC04019759F020E04091F20E60E086E57C
:1097900090E00E94D75982E20E94A2348091210277
:1097A00062E070E0811102C061E070E088E1E1CE2A
:1097B00080E490E00E94D7598091FB049091FC04D2
:1097C000019761F320E04091F20E60E087E590E0C0
:1097D0000E94D75981E2E0CFCB010E94445E809184
:1097E000F50E62E070E08A3B11F061E070E088E322
:1097F0000E94AD248091F50E62E070E08A3B11F08A
:1098000061E070E088E20E94443428CE0E945A5EF3
:1098100025CE0E94875E22CE653608F004E6802FB2
:1098200090E0029665E070E00E9416C6862F880FD1
:10983000880F680F6093D8022091F60E822F8C5308
:10984000990BFC012C536E9FC0016F9F900D11244A
:109850006CE97FEF0E9416C6620F16166CF4109228
:10986000F50E84E68093D8028091F50E8093F30E76
:1098700080E00E94F95DF2CD862F062E000C990B38
:109880008E179F071CF06093F50EEECF2093F50E18
:109890001092D802E9CF0E949A5D80E13BCE0E94EF
:1098A000C95D8FE037CE0E943B5DD8CD0E946A5DD6
:1098B000D5CD8091FD03882309F4E6C20E940E589D
:1098C000CDCD8091FD03882309F4DEC28091FB0396
:1098D00081114EC01092FF0E1092000F20918B0745
:1098E00030918C07C9010197039798F58091F9038E
:1098F0009091FA0323303105B1F12091890730911D
:109900008A072A36310578F52091D602243620F4CC
:1099100070E060E00E94A5808091F9039091FA03C5
:109920000E9445C30E94CA818091D602843688F481
:109930006FE070E080E090E00E94A0876091F10EFF
:10994000062E000C770B8091F9039091FA030E9488
:10995000A58081E08093FB0364E070E085E20E94D3
:10996000443487E4BACD0E9445C30E94CA81F1CF36
:1099700040E45FE160E070E087EF9EE00E94312309
:1099800080918B0790918C0701970397D8F481E021
:109990008093660F8091F9039091FA03FE0135964A
:1099A00020E1DF011D922A95E9F728E029839B83B6
:1099B0008A8383E08C838D83CE0101960E94907B05
:1099C0000E94CA811092FB0363E070E085E20E946E
:1099D000443488E482CD0E941E5940CD0E94B15883
:1099E0003DCD672B49F161E00230110509F060E0DF
:1099F0006093FC038091F7039091F8031816190601
:109A000034F48091F9039091FA030E94F57C8091DF
:109A1000FC0362E070E0811102C061E070E08EE161
:109A20000E94AD248091FC0362E070E0811102C0CD
:109A300061E070E086E2E7CE0E942924E8CF8091C1
:109A4000E20391E089276115710529F081E0623018
:109A5000710509F080E08093E2038091E20362E007
:109A600070E0811102C061E070E08FE10E94AD24DE
:109A70008091E20362E070E0811102C061E070E079
:109A800087E2C1CE82E080934F198093960F81E0E8
:109A90008093F6038BE00E94A2348FE20E94D324CD
:109AA000EE24E39410E000E020E04091F20E60E04C
:109AB0008DE490E00E94D7590E9439510E9496622D
:109AC00063EA7BE0BDCC83E080934F198093960FCF
:109AD00081E08093F6038CE00E94A2348EE20E9423
:109AE000D324EE24E39410E000E020E04091F20E55
:109AF00060E08EE490E00E94D7590E9439510E94A4
:109B0000966267E87BE09CCC84E080934F19809359
:109B1000960F81E08093F6038DE00E94A2348DE2DF
:109B20000E94D324EE24E39410E000E020E0409172
:109B3000F20E60E08EE590E00E94D7590E94395104
:109B40000E94966265E67BE07BCC85E080934F19AE
:109B50008093960F81E08093F6038EE00E94A234FA
:109B60008CE20E94D324EE24E39410E000E020E095
:109B70004091F20E60E083E091E00E94D7590E948C
:109B800039510E9496626FE37BE05ACC862F0E9487
:109B90007283882309F462CC6091501970E08EE0E2
:109BA0000E94AD246091501970E08EE10E9444340F
:109BB00080915019833039F48091890790918A07F8
:109BC0008D369105C0F0809151198330C1F080919C
:109BD00050198034E9F4EE24E39410E000E020E032
:109BE0004091F20E60E088E290E00E94D75981E057
:109BF0008093E40333CC81E00E946454E8CF8091E9
:109C0000890790918A078D36910508F780E0F4CF97
:109C10008091E403882371F0EE24E39410E000E0E7
:109C200020E04091F20E60E088E290E00E94D75977
:109C30001092E403809151190E94176382E390E02F
:109C40000E948F5987E390E00E948F5987E491E04A
:109C50000E948F598091FB049091FC04019709F0B8
:109C60009BC08091F503882319F180914F198330AF
:109C700009F43AC0853009F467C0823009F043C066
:109C80008CE791E00E948F59EE24E39410E000E00D
:109C900020E04091F20E61E08CE791E00E94D759FC
:109CA00040E355E760E070E08BEA9FE00E943123DB
:109CB000E0915019E83008F06DC0F0E0EE24E39434
:109CC00010E000E020E04091F20E60E08827E459C7
:109CD000F14B8F4F0C942AC6C64EED4EFA4E074FED
:109CE000C64E144F174FC64E86E290E00E948F5921
:109CF000EE24E39410E000E020E04091F20E61E0F9
:109D000086E290E0CBCF80E190E00E948F59809175
:109D10005019823089F44091F20E4852EE24E394B7
:109D200010E000E020E061E080E190E00E94D7597F
:109D30008FE60E94A234B4CFEE24E39410E000E05A
:109D400020E04091F20EEFCF85E991E00E948F591B
:109D500080915019823091F44091F20E4852EE24D5
:109D6000E39410E000E020E061E085E991E00E94EA
:109D7000D7590E941F51811193CFDACFEE24E3947B
:109D800010E000E020E04091F20EEECF86E090E09F
:109D90000E94D7590E94C05480911E02882351F01E
:109DA00080915019823021F40E94DA610E946A5138
:109DB0000E94D85E8091F003882361F08091FB04BB
:109DC0009091FC04019731F481E08093E30380E0FB
:109DD0000E94366C0E94EA6D41CB85E490E00E94BF
:109DE000D75900ED17E021E04091F20E61E087E3E2
:109DF00090E0CECF80E390E00E94D7590CEB12E0C8
:109E000021E04091F20E61E082E390E0C1CF86E470
:109E100090E00E94D75902EE14E021E04091F20E4A
:109E200061E087E491E0B4CF87E991E0B1CF88E9C0
:109E300091E0AECF84E50E94D14610CB8091FE0424
:109E4000882309F40BCB82E665CB8091FE0488233E
:109E500011F083E65FCB86E5EECF8091F70390911A
:109E6000F803181619060CF0F9CA643FB1E07B0735
:109E700008F4F4CA8091FD03882349F00E940E582B
:109E80001093FA030093F9030E943858E7CA7093BD
:109E9000FA036093F903E2CA0E94AC530E94535242
:109EA0008CE890E00E948F59EE24E39410E000E0EB
:109EB00020E04091F20E60E08CE890E081CB86E6F5
:109EC0000E94A234EDCF0E9445540E948D538BE82E
:109ED00090E00E948F59EE24E39410E000E020E02F
:109EE0004091F20E60E08BE890E06ACB87E60E943A
:109EF000A234EDCF90E080E00895FC0164870895DE
:109F0000FC01848590E00895FC018685978508957D
:109F10008091F7039091F8031816190694F4809134
:109F20008B0790918C070197039758F46091F10E7D
:109F3000062E000C770B8091F9039091FA030E9492
:109F4000A58089E20C94D146FF920F931F93CF9383
:109F5000DF93EC01F62E08811981C8010E946DC5BE
:109F6000F81621F06F2DC8010E9475C5CE01DF9152
:109F7000CF911F910F91FF900895843008F080E0F9
:109F80009091E002E82FF0E080912102882399F07F
:109F9000943141F0983261F09C3039F4EA50F14F3D
:109FA00084910895EE50F14FFBCFE251F14FF8CF7D
:109FB000E651F14FF5CF943139F0983259F09C3099
:109FC00031F4EA51F14FECCFEE51F14FE9CFE252CB
:109FD000F14FE6CFE652F14FE3CF8823E9F18091CC
:109FE00097028823B9F18091F6049091EF049923A8
:109FF00039F1811127C0E0915319F0E0E85EFF4E7E
:10A000008081811125C08091ED04811121C0809152
:10A010009702882311F18091F6049091EF0499231F
:10A02000F1F081111EC0E0915319F0E0E85EFF4E9F
:10A03000808181111CC08091ED04811118C00895A8
:10A04000882309F3E0915319F0E0EF5BFC4FD8CF80
:10A050005F9ADDCF5F98DBCF5F984498089588239F
:10A0600051F3E0915319F0E0EF5BFC4FE1CF449ADC
:10A0700008958823E9F1809197028823B9F18091AE
:10A08000F6049091EF04992339F1811127C0E091F2
:10A090005319F0E0E85EFF4E8081811125C0809168
:10A0A000ED04811121C080919702882311F18091E4
:10A0B000F6049091EF049923F1F081111EC0E09114
:10A0C0005319F0E0E85EFF4E808181111CC0809141
:10A0D000ED04811118C00895882309F3E091531904
:10A0E000F0E0EF5BFC4FD8CF429ADDCF4298DBCF58
:10A0F0004298A2980895882351F3E0915319F0E013
:10A10000EF5BFC4FE1CFA29A089580912302882350
:10A1100049F081E02091C0103091C110232B31F023
:10A1200080E008958091AA0591E089270895982FED
:10A130008091C802882369F0923049F480911E0210
:10A14000882351F081E09091E0029C3029F480E076
:10A1500003C081E09230D9F70895E82FF0E08091B4
:10A16000E0028C3089F028F4843051F0E65CF14F45
:10A1700009C0843161F08832C9F7EE5EF14F02C048
:10A18000EE54F14F84910895E657F14FFBCFEE590D
:10A19000F14FF8CF8823D1F08091EF04882341F06C
:10A1A000E0915319F0E0E85EFF4E8081811108C014
:10A1B0008091F604811104C08091F504882331F068
:10A1C00080910B01886080930B01089580910B01B1
:10A1D000877FF9CF10924410109245108EE1809342
:10A1E000CC0280915819853021F460E08DE20C9406
:10A1F000C18390E080E00C942B84909158199330A7
:10A20000B9F09530D9F020912502222389F08823D6
:10A2100079F0923079F49091EF04992349F090917C
:10A22000CC02891759F08093CC0290E00C942B84D7
:10A230000C94EA509091CC029813F5CF0895809138
:10A240004F19853059F48091C802811107C090914F
:10A25000501981E0992321F0973011F080E00895A2
:10A26000089581E0809395028093940280939302F5
:10A27000089580914F19823020F0843068F0853045
:10A2800011F18CE291E090939B0280939A0290935B
:10A2900099028093980208956091910270919202C0
:10A2A00090E080E00E944EC426E636E646EA5FE390
:10A2B0000E94AFC40E9444C770939B0260939A02AD
:10A2C0008CE291E0E4CF88EC90E090939B02809345
:10A2D0009A02F6CFDF92EF92FF920F931F93CF93E4
:10A2E000DF9385E0E82E84E0F82E0EE715E0D0E05D
:10A2F000C0E0DD24D394F70111927F0160E0CE012C
:10A300008E5E9A4E0E94A91360E0CE01865D9E4E3D
:10A310000E94A913F801D1928F016996C83EF3E01B
:10A32000DF0749F7DF91CF911F910F91FF90EF90D9
:10A33000DF90089580910202811103C081E0809333
:10A34000020280910202853018F084E080930202BC
:10A3500080910102811103C081E08093010280910C
:10A360000102853018F084E08093010280910002A0
:10A37000811103C081E0809300028091000285304A
:10A3800018F084E08093000208950F931F93CF93F9
:10A39000DF9300D000D0CDB7DEB78FEF9FEFDC01A9
:10A3A00089839A83AB83BC8310E000E01E830D8316
:10A3B000BE016B5F7F4FCE0101960E94940CBE01DF
:10A3C0006A5F7F4FCE0101960E94940C0F5F1F4F72
:10A3D0000233110559F78CE190E09E838D83BE0115
:10A3E0006B5F7F4FCE0101960E94940CBE016A5FA5
:10A3F0007F4FCE0101960E94940C86E190E09E83EF
:10A400008D83BE016B5F7F4FCE0101960E94940C3D
:10A41000BE016A5F7F4FCE0101960E94940C698154
:10A420007A818B819C816095709580959095269618
:10A430000FB6F894DEBF0FBECDBFDF91CF911F9155
:10A440000F910895EF92FF920F931F93CF93DF9395
:10A4500000D000D0CDB7DEB70E94C55169837A83A2
:10A460008B839C83CE0101967C010CEF1FE01E8341
:10A470000D83F70161917F01CE0105960E94A44FE3
:10A480000F5F1F4F0115F0E11F0789F726960FB6E2
:10A49000F894DEBF0FBECDBFDF91CF911F910F911A
:10A4A000FF90EF9008952F923F924F925F926F929C
:10A4B0007F928F929F92AF92BF92CF92DF92EF9254
:10A4C000FF920F931F93CF93DF93CDB7DEB7A19782
:10A4D0000FB6F894DEBF0FBECDBF6091F60E6C5381
:10A4E000770B8091F40E9B01281B310987FD339572
:10A4F00044E6429FC001439F900D11240E9416C65E
:10A50000262F69A38091830277247394882311F006
:10A51000E2E07E2E8091F40388248394882311F056
:10A5200072E0872E8091210299249394882311F060
:10A5300062E0962E80911F02AA24A394882311F032
:10A5400052E0A52E80911D02BB24B394882311F004
:10A5500042E0B42E80919702CC24C394882311F05A
:10A5600032E0C32E80918602DD24D394882311F03B
:10A5700092E0D92E809196028111C5C0E1E0EF8F63
:10A5800080912E048111C2C0E1E0E8A3E090260290
:10A59000F0904D198091FF0401E0811102E080915B
:10A5A000FF0312E0811111E08091230241E081114B
:10A5B00042E08091F30331E0811132E08091F503B4
:10A5C00022242394882311F082E0282E8091870290
:10A5D00090918802E8EEF3E0BF010E9402C6362E99
:10A5E0008091890290918A02BF010E9402C6462E84
:10A5F00080918B0290918C02BF010E9402C6562E60
:10A6000080918D0290918E02BF010E9402C6662E3B
:10A6100080918F0290919002BF010E9402C68091AA
:10A62000D902A1E08111A2E08091DA0271E08111EA
:10A6300072E08091DB0251E0811152E08091DC02F6
:10A6400091E0811192E08091DD02811162C081E090
:10A65000E9A12F5FE53608F025E6E0912402E150FC
:10A66000E53008F058C0F0E0E35CFC4FE08179820F
:10A670008A829B82AC82BD82CE82DF82FF8DF88788
:10A68000F8A1F987EA86FB860C871D872E873F860F
:10A69000488A598A6A8A6B8BAC8B7D8B5E8B9F8BC9
:10A6A000888FE98F4A8F3B8F2C8ECE0101967C01DB
:10A6B00006E110E01E8F0D8FF70161917F01CE0141
:10A6C0004D960E94A44F0F5F1F4F0233110591F763
:10A6D0000E942252A1960FB6F894DEBF0FBECDBFE6
:10A6E000DF91CF911F910F91FF90EF90DF90CF906E
:10A6F000BF90AF909F908F907F906F905F904F90A2
:10A700003F902F900895F2E0FF8F3ACFF2E0F8A348
:10A710003DCF82E09DCFE4E0AACF0F931F93CF936C
:10A72000DF931F921F92CDB7DEB706E110E01A83C8
:10A7300009836FEFCE0101960E94A44F0F5F1F4F58
:10A7400002331105A1F70E9422520F900F90DF9162
:10A75000CF911F910F910895EF92FF920F931F9346
:10A76000CF93DF93CDB7DEB768970FB6F894DEBF0F
:10A770000FBECDBF8091F10371E0813009F472E02A
:10A780008091170293E0813021F094E0823009F04B
:10A7900092E020911A0230911B0282E021153105CE
:10A7A00029F083E02130310509F084E02091160280
:10A7B00061E0211162E02091200251E0211152E07C
:10A7C0002091F00341E0211142E020911E0231E08E
:10A7D000211132E02091EF03211155C021E0E091D9
:10A7E000E102E983E091E002EA83E0911902EB8360
:10A7F0007C837091D4027D837091D2027E837091AC
:10A80000D0027F837091D50278877091D3027987C7
:10A810007091D1027A87709115027B877091220224
:10A820007C87709118027D8770911C027E877091E1
:10A83000F2037F87988B898B6A8B5B8B4C8B3D8B6C
:10A840002E8BCE0101967C0110E000E0188F0F8B5B
:10A85000F70161917F01CE0147960E94A44F0F5FDF
:10A860001F4F0631110591F70E94225268960FB6CC
:10A87000F894DEBF0FBECDBFDF91CF911F910F9136
:10A88000FF90EF90089522E0AACF0F931F93CF93EC
:10A89000DF931F921F92CDB7DEB710E000E01A835E
:10A8A00009836FEFCE0101960E94A44F0F5F1F4FE7
:10A8B00006311105A1F70E9422520F900F90DF91EF
:10A8C000CF911F910F910895CF93DF93CDB7DEB74E
:10A8D00064970FB6F894DEBF0FBECDBF20918B07F3
:10A8E00030918C07215031092230310580F4FE016E
:10A8F000319694E1DF011D929A95E9F795E09983ED
:10A9000081110EC085E18D83CF010E94907B6496FA
:10A910000FB6F894DEBF0FBECDBFDF91CF91089583
:10A9200084E1F1CFCF93DF93CDB7DEB764970FB655
:10A93000F894DEBF0FBECDBF20918B0730918C07FE
:10A94000215031092230310580F4FE01319694E125
:10A95000DF011D929A95E9F795E0998381110EC068
:10A9600083E18D83CF010E94907B64960FB6F894AB
:10A97000DEBF0FBECDBFDF91CF91089582E1F1CF51
:10A9800080918B0790918C070197039708F0BEC1C7
:10A990006091F20E062E000C770B8CE390E00E9483
:10A9A000A5806091F20E062E000C770B89E491E0F1
:10A9B0000E94A5806091F20E062E000C770B8BE4AE
:10A9C00090E00E94A5806091F20E062E000C770B9D
:10A9D0008EE790E00E94A5806091F20E062E000C9A
:10A9E000770B8FE790E00E94A5806091F20E062E13
:10A9F000000C770B83EB90E00E94A5806091F20E33
:10AA0000062E000C770B82E090E00E94A5808091DA
:10AA10004F196091F20E062E000C770B853009F06D
:10AA200029C187E390E00E94A5806091F20E062E76
:10AA3000000C770B80914F19823009F41EC18330CE
:10AA400009F467C16451710980E691E00E94A58014
:10AA5000809150196091F20E062E000C770B823017
:10AA600009F063C16E51710981E090E00E94A580F8
:10AA70006091F20E062E000C770B6E5171098FE07B
:10AA800090E00E94A5806091F20E062E000C770BDC
:10AA90006852710980E190E00E94A5806091F20EF9
:10AAA000062E000C770B6E5171098DE991E00E9422
:10AAB000A5806091F20E062E000C770B685271098A
:10AAC00085E991E00E94A5806091F20E062E000CAF
:10AAD000770B6852710982E190E00E94A580609135
:10AAE000F20E062E000C770B6852710983E190E09C
:10AAF0000E94A5806091F20E062E000C770B685222
:10AB0000710984E190E00E94A5806091F20E062E0A
:10AB1000000C770B6852710985E190E00E94A580D6
:10AB20006091F20E062E000C770B6852710986E1D7
:10AB300090E00E94A5806091F20E062E000C770B2B
:10AB4000685271098DE890E00E94A5806091F20E34
:10AB5000062E000C770B685271098FE890E00E9476
:10AB6000A5806091F20E062E000C770B68527109D9
:10AB700083E990E00E94A5806091F20E062E000C01
:10AB8000770B685271098EE890E00E94A580609171
:10AB9000F20E062E000C770B6852710980E990E0E6
:10ABA0000E94A5806091F20E062E000C770B685271
:10ABB000710982E990E00E94A5806091F20E062E54
:10ABC000000C770B6852710984E990E00E94A5801F
:10ABD0006091F20E062E000C770B6852710981E924
:10ABE00090E00E94A5806091F20E062E000C770B7B
:10ABF0008CE591E00E94A5806091F20E062E000C7B
:10AC0000770B82EA91E00E94A5806091F20E062EF9
:10AC1000000C770B80E991E00E94A5806091F20E14
:10AC2000062E000C770B83E891E00E94A5806091CE
:10AC3000F20E062E000C770B8AE691E00E94A580AA
:10AC40006091F20E062E000C770B89E691E00E94CF
:10AC5000A5808091E9048823E9F06091F20E062E28
:10AC6000000C770B8091F403882309F429C18AEB47
:10AC700091E00EC08BE691E0D6CE8BE791E00E948A
:10AC8000A5806091F20E062E000C770B8CE791E008
:10AC90000E94A58080915019823009F414C183303C
:10ACA00009F446C1813009F42DC18091EF04882355
:10ACB00069F16091F20E062E000C770B82E690E0AF
:10ACC0000E94A5806091F20E062E000C770B8FE794
:10ACD00091E00E94A5806091F20E062E000C770B89
:10ACE00089E891E00E94A5806091F20E062E000C8A
:10ACF000770B83E690E00E94A5806091F20E062E0D
:10AD0000000C770B88E490E00E94A58089E20C9407
:10AD1000D14685E290E00E94A5806091F20E062E59
:10AD2000000C770B86E290E0B3CF81E090E00E94C8
:10AD3000A5806091F20E062E000C770B8FE090E05C
:10AD40000E94A5806091F20E062E000C770B8DE913
:10AD500091E00E94A5806091F20E062E000C770B08
:10AD60006451710982E190E00E94A5806091F20E29
:10AD7000062E000C770B6451710983E190E00E946C
:10AD8000A5806091F20E062E000C770B64517109BC
:10AD900084E190E00E94A5806091F20E062E000CE6
:10ADA000770B6451710985E190E00E94A580609164
:10ADB000F20E062E000C770B6451710986E190E0CB
:10ADC0000E94A5808091EF046091F20E062E000C87
:10ADD000770B882309F46AC06550710980E190E01F
:10ADE0000E94A5806091F20E062E000C770B655034
:10ADF000710985E991E00E94A5806091F20E062E0E
:10AE0000000C770B8091E90481119ACE645171098D
:10AE10008DE890E00E94A5806091F20E062E000C55
:10AE2000770B645171098FE890E00E94A5806091D2
:10AE3000F20E062E000C770B6451710983E990E045
:10AE40000E94A5806091F20E062E000C770B6451D3
:10AE500071098EE890E00E94A5806091F20E062EA6
:10AE6000000C770B6451710980E990E00E94A58085
:10AE70006091F20E062E000C770B6451710982E985
:10AE800090E00E94A5806091F20E062E000C770BD8
:10AE90006451710984E990E00E94A5806091F20EEE
:10AEA000062E000C770B6451710999CE80E190E079
:10AEB0000E94A5806091F20E062E000C770B99CFB0
:10AEC00089EB91E0E5CE6091F20E062E000C770B37
:10AED00082E390E00E94A5806091F20E062E000CA5
:10AEE000770B84E591E00E94A5808091EF04882390
:10AEF00009F40CCF6091F20E062E000C770B84E360
:10AF000090E002CF6091F20E062E000C770B87E3E3
:10AF100090E00E94A5808091EF04882309F4F6CE8A
:10AF20006091F20E062E000C770B8AE390E0ECCED7
:10AF30006091F20E062E000C770B87E491E0E4CED0
:10AF4000AB0120918B0730918C07215031092330C0
:10AF5000310528F421E06AEB7FEF0C941E7D089503
:10AF600080914F198330D1F08530B1F168E873E1F9
:10AF70008230C9F48CE791E00E94A057809150196B
:10AF8000823009F43FC0833009F442C0813009F0B7
:10AF900044C068E873E187E390E038C068E873E193
:10AFA00086E290E0E9CF80E190E00E94A05768E857
:10AFB00073E18EE890E00E94A05768E873E180E9B1
:10AFC00090E00E94A05768E873E180E691E00E945B
:10AFD000A0570E941524D2CF0E941F51882351F000
:10AFE0008091F40368E873E1882349F08AEB91E0EB
:10AFF0000E94A05768E873E185E991E0D6CF89EB1C
:10B0000091E0F6CF68E873E182E390E00C94A057FA
:10B0100068E873E187E491E0F9CF089580918B07A8
:10B0200090918C070197039798F48091F703909182
:10B03000F8031816190654F48091F9039091FA0355
:10B04000843F21E0920710F00E94CB800E94CA81C9
:10B050001092FB031092FD0361E070E085E20E9414
:10B0600044346091F9037091FA0386E40C94AD24A2
:10B070008091F7039091F803181619060CF070C030
:10B080008091F9039091FA03843F21E0920708F43C
:10B0900067C021E02093FD0320918B0730918C073E
:10B0A0002230310509F43FC02330310519F0213039
:10B0B0003105F9F42091FC0361E0211101C060E049
:10B0C0000E94F57C6091F10E062E000C770B8091AA
:10B0D000F9039091FA030E94A58061E08091F90341
:10B0E0009091FA030E944E800E94CA8181E0809371
:10B0F000660F40E157E260E070E087EF9EE00E945B
:10B1000031238091FD0361E070E0882311F062E05B
:10B1100070E085E20E9444346091F9037091FA0373
:10B1200085E40C94AD242091FC0361E0211101C061
:10B1300060E00E94F57C6091F10E062E000C770B0A
:10B140008091F9039091FA030E94A58050E040E0BD
:10B1500061E08091F9039091FA030E947580C4CF59
:10B160000895CF93DF93C091F903D091FA038091B2
:10B17000E203882309F44CC0C45FD140BE0190E0D3
:10B1800080E00E94E87E2091100730911107261779
:10B19000370731F580910E0790910F0790930D07B7
:10B1A00080930C0760910C0770910D0790E080E090
:10B1B0000E949B7FC091F703D091F8036C177D0725
:10B1C000B4F060910C0770910D0761507109709394
:10B1D0000D0760930C0790E080E00E949B7FEECF0C
:10B1E0006150710970930D0760930C07DBCFEB0181
:10B1F000CC50DE4F8091FD038823B1F00E940E58A1
:10B20000D093FA03C093F903DF91CF910C9438588F
:10B210002197C43F81E0D80768F7C091F703D09128
:10B22000F803CD50DE4FE6CFD093FA03C093F90375
:10B23000BE0186E4DF91CF910C94AD24CF93DF93D0
:10B240006091F9037091FA03C091F703D091F8036C
:10B250008091E203882309F43FC0645F714090E06D
:10B2600080E00E94E87E20910E0730910F0726179C
:10B270003707D1F410920D0710920C0760910C075C
:10B2800070910D0790E080E00E949B7F6C177D0716
:10B2900094F060910C0770910D076F5F7F4F709372
:10B2A0000D0760930C07EECF6F5F7F4F70930D0714
:10B2B00060930C07E3CFEB01CC50DE4F8091FD0390
:10B2C0008823B1F00E940E58D093FA03C093F9037B
:10B2D000DF91CF910C9438586F5F7F4FCD50DE4F88
:10B2E000C617D70710F0EB01E9CFC4EFD1E0E6CFE6
:10B2F000D093FA03C093F903BE0186E4DF91CF91A6
:10B300000C94AD2420918B0730918C07215031098A
:10B310002330310518F460E00C94F57C08952091F9
:10B320008B0730918C07215031092330310510F4FF
:10B330000C94CB8008958DE890E00E948F598EE8A0
:10B3400090E00E948F598FE890E00E948F5980E929
:10B3500090E00E948F5981E990E00E948F5982E924
:10B3600090E00E948F5983E990E00E948F5984E910
:10B3700090E00E948F5989E491E00E948F598CE4FB
:10B3800091E00C948F598FE891E00E948F598DEBDA
:10B3900091E00E948F5987E390E00E948F598BE6DD
:10B3A00091E00E948F598CE691E00C948F59CF92D6
:10B3B000DF92EF92FF920F931F93CF93DF936C0175
:10B3C000F62EC42F14160CF4C0E0CA3B0CF4CAEBE2
:10B3D00080918B0790918C078230910591F1833099
:10B3E000910519F0019709F048C00C2E000CDD0BF7
:10B3F000222381F06AEB7FEFC6010E94A5806E2DAB
:10B40000C6010E944E8020E0A801BE01C6010E9434
:10B410001E7D08C0BE01C6010E94A5806E2DC6011A
:10B420000E944E8061E0F11001C060E0C601DF9132
:10B43000CF911F910F91FF90EF90DF90CF900C94E0
:10B44000F57C0C2E000CDD0B222361F06AEB7FEF04
:10B45000C6010E94A58050E040E06E2DC6010E940A
:10B460007580D1CFBE01C6010E94A58050E040E0AA
:10B470006E2DC6010E947580D5CFDF91CF911F91AF
:10B480000F91FF90EF90DF90CF900895EF920F9380
:10B490001F934091F20E80915019EE24E39410E036
:10B4A00000E020E060E0823031F583E591E00E9429
:10B4B000D75981E08093F604809150198230B9F514
:10B4C00048EB5BE060E070E082E390E10E943123B2
:10B4D00080914F198250823040F48CE291E0909339
:10B4E0009902809398020E946A5181E11F910F9105
:10B4F000EF900C94D32488E691E00E94D759809174
:10B500004F198450823040F420E04091F20E61E007
:10B5100089E691E00E94D759EE24E39410E000E020
:10B5200020E04091F20E60E085E591E0C0CF40EA76
:10B530005FE060E070E082E390E10E9431231092CE
:10B5400003101092041010920D1010920E1042E38E
:10B5500050E060E070E08BEF9FE0B8CFEF920F9388
:10B560001F93CF93C82F81E090E09093FC048093C9
:10B57000FB041092F9041092F8041092FA048091DE
:10B58000F503882309F476C040E355E760E070E0F6
:10B590008BEA9FE00E943123C1110EC00E948550AA
:10B5A000682F70E088E00E9444340E948550682F24
:10B5B00070E081E30E94AD2480915819853041F4F8
:10B5C00080912502882321F061E08DE20E94C183F1
:10B5D0008BE490E00E948F598EE790E00E948F5993
:10B5E0008FE790E00E948F5983E290E00E948F598C
:10B5F0008CE591E00E948F5980E991E00E948F597B
:10B6000082EA91E00E948F5980914F198330B9F1FD
:10B61000853009F4ACC0823009F046C0EE24E394D2
:10B6200010E000E020E04091F20E60E08BE791E056
:10B630000E94D75908ED1EE021E04091F20E61E032
:10B640008CE791E00E94D75980915019823009F41B
:10B6500027C1833009F440C1813009F02DC1EE24A7
:10B66000E39404E813E021E04091F20E61E087E307
:10B6700090E020C11092B30F1092B40F8DCFEE2442
:10B68000E39410E000E020E04091F20E60E085E2FB
:10B6900090E00E94D75908ED1EE021E04091F20EA3
:10B6A00061E086E290E0CECF809150194091F20E99
:10B6B000CC2389F18230F9F44E51EE24E39410E06A
:10B6C00000E020E060E08FE090E00E94D7594091D8
:10B6D000F20E485200E516E421E061E080E190E0DE
:10B6E0000E94D75940E556E460E070E08FEB9FE0A0
:10B6F0000E943123A9CFEE24E39410E000E020E083
:10B7000060E08FE090E00E94D75900E516E421E068
:10B710004091F20EE2CF8230D1F44E51EE24E39408
:10B7200010E000E020E060E081E090E00E94D75966
:10B730004091F20E485204EF11E021E061E080E117
:10B7400090E00E94D75940E050E0BA01CFCFEE24FC
:10B75000E39410E000E020E060E081E090E00E94EF
:10B76000D75904EF11E021E04091F20EE7CF0E949B
:10B770001F514091F20E8823D9F1EE24E39410E09A
:10B7800000E020E060E081E090E00E94D75904EF03
:10B7900011E021E04091F20E61E085E991E00E9424
:10B7A000D7598091F403882371F000ED17E021E070
:10B7B0004091F20E61E08AEB91E00E94D75981E05E
:10B7C0008093E904C0CFEE24E39410E000E020E091
:10B7D0004091F20E60E08EE491E00E94D7590CEFA8
:10B7E00018E021E04091F20E61E089EB91E0E5CFB5
:10B7F00080915019CC2369F18230D9F44E51EE2456
:10B80000E39410E000E020E060E08DE991E00E9428
:10B81000D7594091F20E485200E117E221E061E071
:10B8200085E991E00E94D75940E157E260E070E07D
:10B830005DCFEE24E39410E000E020E060E08DE9CD
:10B8400091E00E94D75900E117E221E04091F20E09
:10B85000E6CF8230A9F44E51EE24E39410E000E0EC
:10B8600020E060E081E090E00E94D7594091F20E24
:10B87000485204EF11E021E061E085E991E061CFF9
:10B88000EE24E39410E000E020E060E081E090E04E
:10B890000E94D75904EF11E021E04091F20EECCF65
:10B8A000EE24E39404E813E021E04091F20E61E01D
:10B8B00082E390E00E94D75910921E1910921F192E
:10B8C0001092F30485E00E94A23482E3CF911F918D
:10B8D0000F91EF900C94D324EE24E39404E813E04A
:10B8E00021E04091F20E61E087E491E0E3CFEF9236
:10B8F0000F931F9380915019823009F472C08330E6
:10B9000091F1813009F474C080914F1990915319CD
:10B910009150943008F04FC0833069F0853009F4BD
:10B9200047C0823009F041C08DE791E00E948F59F5
:10B930008FE791E006C084E690E00E948F5983E68D
:10B9400090E00E948F5980918302882321F089E042
:10B9500090E00E948F5988E490E00E948F5982E61F
:10B9600090E00E948F598091840290918502009707
:10B9700009F445C0019709F462C01092E7031092E0
:10B98000E50380915019853021F483EA91E00E940B
:10B990008F5980915019863009F069C084EA91E08E
:10B9A0001F910F91EF900C948F5980E690E0BECFDD
:10B9B0008FE491E0BBCF833059F0853079F082304D
:10B9C00051F487E891E00E948F5989E891E0B9CF5E
:10B9D00081E690E0B6CF8BE990E0B3CF8FE491E0C1
:10B9E000B0CF83E390E00E948F5984E390E0B9CF19
:10B9F00089E390E00E948F598AE390E0B2CF82E021
:10BA000090E0909385028093840280918B079091BF
:10BA10008C07039741F48AE490E00E948F5989E4EF
:10BA200090E00E948F59E12C10E000E020E040916E
:10BA3000F20E60E089E490E00E94D7599ECF82E048
:10BA400090E090938502809384028EE690E00E94BD
:10BA50008F598FE690E00E948F59E12C10E000E0B2
:10BA600020E04091F20E60E08FE690E0E5CF1F917C
:10BA70000F91EF900895EF920F931F938091D6024C
:10BA8000853020F51092D60280E490E00E948F5914
:10BA9000EE24E39410E000E020E04091F50E60E039
:10BAA00080E490E00E94D7598091D60226E4829FDC
:10BAB000C001112464E670E00E9416C666546093CB
:10BAC000F10E1F910F91EF900C94884F8550809349
:10BAD000D602EACFEF920F931F938091D602803661
:10BAE00028F184E68093D60280E490E00E948F598A
:10BAF000EE24E39410E000E020E04091F50E60E0D9
:10BB000080E490E00E94D7598091D60226E4829F7B
:10BB1000C001112464E670E00E9416C6665460936A
:10BB2000F10E1F910F91EF900C94884F8B5F8093D3
:10BB3000D602EACFEF920F931F938091D702853000
:10BB400020F51092D70280E490E00E948F59EE24F5
:10BB5000E39410E000E020E04091F50E60E080E426
:10BB600090E00E94D7598091D70226E4829FC001BD
:10BB7000112464E670E00E9416C666546093F20ECB
:10BB80001F910F91EF900C94C05485508093D70271
:10BB9000EACFEF920F931F938091D702803628F15E
:10BBA00084E68093D70280E490E00E948F59EE24CF
:10BBB000E39410E000E020E04091F20E60E080E4C9
:10BBC00090E00E94D7598091D70226E4829FC0015D
:10BBD000112464E670E00E9416C666546093F20E6B
:10BBE0001F910F91EF900C94C0548B5F8093D702FC
:10BBF000EACFEF920F931F93CF93C82F80918B07BB
:10BC000090918C070197039738F48091F50E082ED8
:10BC1000000C990B0E94D582C11131C08091FB04A8
:10BC20009091FC04019721F18091F204811120C0D0
:10BC300080E490E00E948F59EE24E39410E000E04D
:10BC400020E04091F20E60E080E490E00E94D7593D
:10BC50008091D802823361F48FE390E00E948F5983
:10BC600020E04091F20E60E08FE390E00E94D7590F
:10BC700089E2CF911F910F91EF900C94D146CF9113
:10BC80001F910F91EF9008959C019091F50E9A3BB2
:10BC900031F48091F30E2230310539F408952130CA
:10BCA0003105E1F39093F30E8AEB8093F50E80E07B
:10BCB0000C94F95D2091F60E822F8C53990BAC01F8
:10BCC0008091F50E082E000C990B84179507F1F062
:10BCD0008091D8028530B0F41092D8023091D80209
:10BCE000349FC001359F900D11246CE97FEF0E94B5
:10BCF00016C62C53620F6093F50E6093F30E80E02E
:10BD00000C94F95D85508093D802E8CF0895809116
:10BD1000F50E882319F18091D8028036E8F084E688
:10BD20008093D8022091F60E822F8C53990BAC0190
:10BD30003091D802349FC001359F900D11246CE9D9
:10BD40007FEF0E9416C62C53620F6093F50E60932E
:10BD5000F30E80E00C94F95D8B5FE2CF08950F93B2
:10BD60001F93CF93DF9300D000D0CDB7DEB7122F53
:10BD7000242F462F682FCE0101960E948B7DBE0195
:10BD80006C5F7F4FCE0101960E9475236D817C818F
:10BD9000111102C06C817D818E8126960FB6F894B8
:10BDA000DEBF0FBECDBFDF91CF911F910F910895E0
:10BDB000DF92EF92FF920F931F93CF93DF938091C7
:10BDC0001E0215E0882331F06091501981E00E9435
:10BDD0003D24182F8091E0028C3009F410E280910C
:10BDE0004F1982508230B0F1D0E0C0E08C2F0E9419
:10BDF000AD50882319F1FE01EB5FFB4FD0808C2FF3
:10BE00000E94AD5090913519292F280F3327331FE9
:10BE1000C90101977C01EE0CFF1C8E0D9F1DFC01DA
:10BE2000E15DFB4F7F0100E020E04D2D612F81E0BF
:10BE30000E94AF5EF7016083718382832196C832CE
:10BE4000D105A1F6DF91CF911F910F91FF90EF9057
:10BE5000DF900895F12C8091E002F81698F78F2D6D
:10BE600090E0C0913519C80FD92FD11D9E01220F26
:10BE7000331FC20FD31FC15DDB4F8B5F9B4F00E0B1
:10BE800020E0FC014081612F81E00E94AF5E688369
:10BE900079838A83F394DFCFEF92FF920F93CF934E
:10BEA000DF931092F404D0E0C0E07E01EE0CFF1CA2
:10BEB000EC0EFD1EC701815D9B4F7C0100E020E080
:10BEC0004FEF60E080E00E94AF5EF7016083718316
:10BED00082832196C733D10541F7F09003118091F9
:10BEE00002118F15A8F08F2D90E0EC01CC0FDD1F13
:10BEF000C80FD91FC355DA4F00E020E04FEF60E0D4
:10BF000082E00E94AF5E688379838A83F394E7CFEF
:10BF1000DF91CF910F91FF90EF9008950F931F93B2
:10BF2000CF93DF93A598739880910201877F8093C8
:10BF30000201809102018F7E8093020180910201B3
:10BF40008F7D80930201809102018F7B809302019B
:10BF50008091C802882311F02C982D981092130715
:10BF600080911A0290911B02892BD1F18091C80215
:10BF700010E081111CC0812F90E02091DE02215041
:10BF8000330B8217930764F5EC01CC0FDD1FC80F4C
:10BF9000D91FC355DA4F00E020E04FEF60E082E0A8
:10BFA0000E94AF5E688379838A831F5FE4CF8091AC
:10BFB000DE028117A8F0812F90E0EC01CC0FDD1F8D
:10BFC000C80FD91FC355DA4F00E020E04FEF60E003
:10BFD00082E00E94AF5E688379838A831F5FE7CF28
:10BFE000DF91CF911F910F9108950F931F93CF93DE
:10BFF000DF9310E08091E1021817A8F4812F90E000
:10C00000EC01CC0FDD1FC80FD91FC15DDB4F00E075
:10C0100020E04FEF60E080E00E94AF5E68837983AC
:10C020008A831F5FE7CF1092EB04DF91CF911F91BE
:10C030000F9108950F931F93CF93DF938091F30493
:10C04000811125C010E08091E0021817D0F4C09152
:10C0500035192C2F210F3327331FC901E901CC0FCC
:10C06000DD1FC80FD91FC15DDB4F00E020E04FEF9F
:10C0700060E081E00E94AF5E688379838A831F5FFE
:10C08000E2CFDF91CF911F910F910C946A51DF9114
:10C09000CF911F910F910895EF92FF920F93CF933D
:10C0A000DF93F82E6091501985E00E943D24D82F2F
:10C0B000F0922D04C0914B19FF2009F457C08091D4
:10C0C000C802882309F452C08091EF04882341F00C
:10C0D000E0915319F0E0E85EFF4E9081911104C0A9
:10C0E0009091F604992371F080915019811120C02C
:10C0F00080915319D3E08230D9F0A0F4813081F0DF
:10C10000D1E016C0882341F0E0915319F0E0E85ED9
:10C11000FF4E8081882341F18091F504882341F00E
:10C12000D5E006C0DDE0833019F0D3E1843041F77B
:10C1300080914C19C817B0F58C2F90E07C01EE0C63
:10C14000FF1CE80EF91EC701815D9B4F7C0100E0DA
:10C1500020E04FEF6D2F85E00E94AF5EF701608316
:10C1600071838283CF5FE4CFD0E0E2CF80914C191E
:10C17000C817C0F48C2F90E07C01EE0CFF1CE80E79
:10C18000F91EC701815D9B4F7C0100E020E04FEF6D
:10C1900060E085E00E94AF5EF70160837183828377
:10C1A000CF5FE4CFDF91CF910F91FF90EF90089593
:10C1B0000F931F93CF93DF938091F2038823D9F0DD
:10C1C00010910111809100118117A8F0812F90E04A
:10C1D000EC01CC0FDD1FC80FD91FC355DA4F00E0AB
:10C1E00020E04FEF60E083E00E94AF5E68837983D8
:10C1F0008A831F5FE7CFDF91CF911F910F91089541
:10C20000EF920F931F938091EF04882321F00E94F7
:10C21000775C0E94FD2680914F198330A1F1853013
:10C2200009F443C08230B1F58CE791E00E948F5948
:10C230008BE791E00E948F59EE24E39410E000E038
:10C2400020E04091F20E60E082E090E00E94D75939
:10C2500080914F19833009F044C020E04091F20EE4
:10C2600060E087E290E00E94D759809150198230B7
:10C2700009F442C0833009F472C0813009F040C033
:10C2800087E390E03BC085E290E00E948F5986E210
:10C2900090E0D0CF81E090E00E948F598FE090E055
:10C2A0000E948F5980E190E0C5CF81E090E00E942C
:10C2B0008F5985E991E00E948F598091E904882384
:10C2C00009F4BACF8EE491E00E948F5989EB91E096
:10C2D0000E948F598AEB91E00E948F591092E904D5
:10C2E000ABCFEE24E39410E000E020E04091F20EAA
:10C2F00060E083E290E0B7CF82E390E00E948F5944
:10C300008091F60481111CC0EE24E39410E000E05B
:10C3100020E04091F20E61E08BE490E00E94D7595A
:10C3200020E04091F20E61E08EE790E00E94D75944
:10C3300020E04091F20E60E08FE790E00E94D75934
:10C340008091C802811102C00E94D8608091581962
:10C35000853041F41F910F91EF900C94EA5087E4DF
:10C3600091E0CCCF1F910F91EF9008950F931F9301
:10C37000CF93DF9310910311809102118117A8F0E0
:10C38000812F90E0EC01CC0FDD1FC80FD91FC355E2
:10C39000DA4F00E020E04FEF60E082E00E94AF5E05
:10C3A000688379838A831F5FE7CFDF91CF911F91E5
:10C3B0000F91089580E00E944C6080E00E94CA5076
:10C3C00010922819109229190E941A6080919C02DB
:10C3D000882351F08091351980933419809103118D
:10C3E0008093A7051092A8058091FB049091FC040E
:10C3F000009739F42091CF02211103C021E020934E
:10C40000CF022091C802211106C02091F5042223F9
:10C4100011F0892B21F40E94B6610E94D8600C941F
:10C42000FD26EF920F931F938091FD04811103C0AD
:10C4300082E50E94A234109217101092181083EB1C
:10C4400090E00E948F5984E591E00E948F5980917D
:10C450005019823039F14091F20E80914F1982507B
:10C46000EE24E39410E000E020E060E0823008F485
:10C470005AC083E691E00E94D75980914F198450A9
:10C48000823020F489E691E00E948F59EE24E394F3
:10C4900010E000E020E04091F20E60E084EB90E0DC
:10C4A0000E94D7591092F60480E00E94395080E033
:10C4B0000E94ED4F80914F198250823040F480915C
:10C4C00050190E949750811102C00E94DA611092A7
:10C4D000F50482E10E94D32480919602882321F002
:10C4E0000E94FD260E9439510E94315180E00E9435
:10C4F000AE5A80E00E944C6080E00E94CA501092C8
:10C5000003101092041010920D1010920E10409112
:10C51000A00250E070E060E08AE299E11F910F9183
:10C52000EF900C94312386E591E0A5CF0E94F55F52
:10C530000E948E5F10921710109218101092F6043D
:10C540001092ED041092F7041092F1041092F0048E
:10C5500081E080939C020E94DA610E9431518091B7
:10C560004F198250823008F45AC08091DF028093C4
:10C57000401986E990E09093CE028093CD024091DD
:10C58000401950E070E060E086E399E10E943123B9
:10C590004091CD025091CE0270E060E086EF90E1D4
:10C5A0000E9431234091A00250E070E060E08AE2F6
:10C5B00099E10E9431234CE251E060E070E080E2BA
:10C5C00091E10E9431230E94EA508EE180939E0205
:10C5D0008091F204882379F01092F20470E060E018
:10C5E00086E00E9444346091F20470E083E30E948C
:10C5F000AD240E946A518091F5048823B9F010920D
:10C60000F5040E948550682F70E088E00E94443451
:10C610000E948550682F70E081E30C94AD248091D6
:10C6200003028093401988E592E0A5CF08950E9407
:10C630009750882351F10E94DA610E946A518091DB
:10C640004F19843019F0853089F0089544E650E0A0
:10C650006091F20E8FE090E00E94978144E650E0F6
:10C660006091F20E80E190E00C94978144E650E0F6
:10C670006091F20E8DE991E00E94978144E650E0CE
:10C680006091F20E85E991E0EFCF08950F9300E0FD
:10C6900021E00E94AF5E0F910895FF920F931F93C8
:10C6A000CF93DF9381E08093F40467E080E00E9401
:10C6B0003D24F82E10E08091E1021817A8F4812F94
:10C6C00090E0EC01CC0FDD1FC80FD91FC15DDB4F1F
:10C6D00000E020E04FEF6F2D80E00E94AF5E6883A6
:10C6E00079838A831F5FE7CF67E081E00E943D2462
:10C6F000F82E10E08091E0021817C8F4C0913519A7
:10C700002C2F210F3327331FE901CC0FDD1FC20F60
:10C71000D31FC15DDB4F00E020E04FEF6F2D81E0C4
:10C720000E94AF5E688379838A831F5FE3CF67E0EF
:10C7300082E00E943D24F82E109103118091021195
:10C740008117F8F0C12FD0E02091F103CE01880FBE
:10C75000991FC80FD91FC355DA4F213051F44FEF3D
:10C760006F2D82E00E944663688379838A831F5F0E
:10C77000E5CF00E020E04FEF6F2D82E00E94AF5E3A
:10C78000F3CF86E3DF91CF911F910F91FF900C942F
:10C79000D324853608F084E62FEF829FC001112450
:10C7A00064E670E00E9416C6862F08952F923F928D
:10C7B0004F925F926F927F928F929F92AF92BF92B1
:10C7C000CF92DF92EF92FF920F931F93CF93DF935D
:10C7D000809122020E94C963C82F80911E02D5E079
:10C7E000882331F06091501981E00E943D24D82FB8
:10C7F00080E00E94BD4F20903519280E81E00E94F4
:10C80000BD4F30903519380E82E00E94BD4F4090E8
:10C810003519480E83E00E94BD4F90913519582E6E
:10C82000590E809150192BEF280F223008F43CC18B
:10C83000843009F439C190901F02A22CB12CC32C72
:10C84000D12CE42CF12C652C712C91103AC14501AE
:10C85000880C991C8A0C9B1C9401215D3B4F49015B
:10C8600000E020E04C2F6D2F81E00E94AF5EF401CC
:10C870006083718382834601880C991C8C0C9D1CFB
:10C880009401215D3B4F490120E04C2F6D2F81E049
:10C890000E94AF5EF4016083718382834701880C3C
:10C8A000991C8E0C9F1C9401215D3B4F490120E097
:10C8B0004C2F6D2F81E00E94AF5EF4016083718385
:10C8C00082834301880C991C860C971C9401215D7E
:10C8D0003B4F490120E04C2F6D2F81E00E94AF5E5D
:10C8E000F401608371838283809120028111C9C029
:10C8F000C50101965C01AA0CBB1CA80EB91E9501CE
:10C90000215D3B4F590120E04C2F6D2F81E00E94AB
:10C91000AF5EF50160837183828380913519821542
:10C9200008F4C4C020904C19F8EF2F0EA22CB12CA3
:10C93000C501880F991FA80EB91E9501215D3B4FB7
:10C94000590100E020E04C2F6D2F81E00E94AF5E86
:10C95000F501608371838283C60101966C01CC0C62
:10C96000DD1CC80ED91E9601215D3B4F690120E0F8
:10C970004C2F6D2F81E00E94AF5EF60160837183C2
:10C98000828380913519831508F492C080914C19E7
:10C99000885090E06C01CC0CDD1C8C0D9D1D9C0121
:10C9A000215D3B4F690100E020E04C2F6D2F81E0BD
:10C9B0000E94AF5EF601608371838283C701019696
:10C9C0007C01EE0CFF1CE80EF91E9701215D3B4F28
:10C9D000790120E04C2F6D2F81E00E94AF5EF701BE
:10C9E00060837183828380913519841508F463C054
:10C9F00080914C19885090E07C01EE0CFF1C8E0D4C
:10CA00009F1D9C01215D3B4F790100E020E04C2FF0
:10CA10006D2F81E00E94AF5EF70160837183828396
:10CA2000C30101963C01660C771C680E791E9301C8
:10CA3000215D3B4F390120E04C2F6D2F81E00E949A
:10CA4000AF5EF30160837183828380913519851510
:10CA5000A8F180914C19885090E07C01EE0CFF1CED
:10CA60008E0D9F1D9C01215D3B4F790100E020E070
:10CA70004C2F6D2F81E00E94AF5EF70160837183C0
:10CA80008283DF91CF911F910F91FF90EF90DF9004
:10CA9000CF90BF90AF909F908F907F906F905F905E
:10CAA0004F903F902F900895D5E0C5CE2A943ECF69
:10CAB0008FEF830D6ECF8FEF840D9DCF8FEF850DA0
:10CAC000CBCF892F90E0F501E81BF90BEB5FFB4F13
:10CAD00020812223C1F0F601E81BF90BEB5FFB4F2D
:10CAE0002081222381F0F701E81BF90BEB5FFB4F5C
:10CAF0002081222341F0F301E81BF90BEB5FFB4F90
:10CB000080818111DBC10E946A5160919102709114
:10CB1000920290E080E00E944EC420E030E040ECC1
:10CB20005FE30E94AFC40E9444C79B01AC018091A7
:10CB30003519B501681B7109D9E1D69FC001D79F8E
:10CB4000900D112401E010E06C2F865D9E4E0E9436
:10CB50007613609191027091920290E080E00E94C1
:10CB60004EC420E030E040EC5FE30E94AFC40E947E
:10CB700044C79B01AC0180913519B601681B71094E
:10CB8000D69FC001D79F900D11246C2F865D9E4EBD
:10CB90000E947613609191027091920290E080E081
:10CBA0000E944EC420E030E040EC5FE30E94AFC43E
:10CBB0000E9444C79B01AC0180913519B701681BE5
:10CBC0007109D69FC001D79F900D11246C2F865DEF
:10CBD0009E4E0E947613609191027091920290E0B5
:10CBE00080E00E944EC420E030E040EC5FE30E9411
:10CBF000AFC40E9444C79B01AC0180913519B301B9
:10CC0000681B7109D69FC001D79F900D11246C2F0E
:10CC1000865D9E4E0E94761380912002811131CF55
:10CC2000992031F1609191027091920290E080E040
:10CC30000E944EC420E030E040EC5FE30E94AFC4AD
:10CC40000E9444C79B01AC01FFEFAF1ABF0A80915D
:10CC50003519A81AB10869E16A9DC0016B9D900D54
:10CC6000112401E010E06C2F865D9E4E0E94761329
:10CC7000D0913519D21508F423C120904C1928EF12
:10CC8000220E992009F446C060919102709192029F
:10CC900090E080E00E944EC420E030E040EC5FE392
:10CCA0000E94AFC40E9444C79B01AC01822D8D1B22
:10CCB000990B5C01D9E1DA9DC001DB9D900D112437
:10CCC00001E010E06C2F865D9E4E0E94761360910D
:10CCD00091027091920290E080E00E944EC420E0A8
:10CCE00030E040EC5FE30E94AFC40E9444C79B0168
:10CCF000AC019FEFC91AD90A80913519C81AD10819
:10CD0000DC9DC001DD9D900D11246C2F865D9E4E33
:10CD10000E947613D0913519D31508F4D3C0309002
:10CD20004C19E8EF3E0E992009F446C0609191023B
:10CD30007091920290E080E00E944EC420E030E0CA
:10CD400040EC5FE30E94AFC40E9444C79B01AC016A
:10CD5000832D8D1B990BBC01D9E1D69FC001D79FB4
:10CD6000900D112401E010E06C2F865D9E4E0E9414
:10CD70007613609191027091920290E080E00E949F
:10CD80004EC420E030E040EC5FE30E94AFC40E945C
:10CD900044C79B01AC019FEFE91AF90A809135194C
:10CDA000E81AF108DE9DC001DF9D900D11246C2F63
:10CDB000865D9E4E0E947613D0913519D41508F4E5
:10CDC00083C040904C19E8EF4E0E992009F446C0FC
:10CDD000609191027091920290E080E00E944EC4B6
:10CDE00020E030E040EC5FE30E94AFC40E9444C703
:10CDF0009B01AC01842D8D1B990BBC01D9E1D69F01
:10CE0000C001D79F900D112401E010E06C2F865DCA
:10CE10009E4E0E947613609191027091920290E072
:10CE200080E00E944EC420E030E040EC5FE30E94CE
:10CE3000AFC40E9444C79B01AC019FEF691A790AF5
:10CE400080913519681A7108D69DC001D79D900D43
:10CE500011246C2F865D9E4E0E947613D091351959
:10CE6000D515A0F150904C19E8EF5E0E992009F409
:10CE700008CE609191027091920290E080E00E9451
:10CE80004EC420E030E040EC5FE30E94AFC40E945B
:10CE900044C7252D2D1B330BA90129E1249FF00147
:10CEA000259FF00D112401E010E09B01AC016C2FD7
:10CEB000CF01865D9E4E0E947613E3CD912CACCEC1
:10CEC0002A94DFCE3A942FCF4A947FCF5A94CECF74
:10CED000BF92CF92DF92EF92FF920F931F93CF9367
:10CEE000DF93EC01809122020E94C963B82EF0907A
:10CEF0003419E09035198AE299E10E9401238823D0
:10CF000009F4A9C1FE188F2D0E94AD50E82E809122
:10CF10009502882309F4B1C085E08093CB028AEFA3
:10CF200098E10E94D910882389F010929502D0933D
:10CF30009B02C0939A02AE0170E060E08AE299E140
:10CF40000E94312380E480939E021BC08AEF98E107
:10CF50000E94431190939B0280939A02AC0170E06F
:10CF600060E08AE299E10E94312380919E028F5F06
:10CF70008E3108F480C080939E0280919E0281349D
:10CF800008F78091EF0481110CC08091F6048111A3
:10CF900008C08091F504811104C080919E020E9416
:10CFA000FD50809102029091E002943109F4F9C0A1
:10CFB000983209F4F6C09C3009F4F7C0823008F4C6
:10CFC000DDC090E08C179D0709F4E8C0C81BD90BA1
:10CFD000809150190E94975081113DC1EF2DF0E0D2
:10CFE000EB5FFB4F808181111BC0EE20C9F0809167
:10CFF000C8028823A9F029E1F29EC00111249C01F6
:10D00000265D3E4E690160E0C9010E94A9139E01A0
:10D0100050E040E004E110E06B2DC6010E94761361
:10D0200080911D02882309F420C18091E00284319F
:10D0300009F4C1C0883209F418C19091F7048C300A
:10D0400009F4D5C091110DC080919502811109C0DC
:10D050008091F504811105C08091EC04882309F4C6
:10D060000AC137E28BE1F31609F4D7C083E1F81265
:10D07000FEC08FE0D2C08EE17ECF8091F70488237E
:10D08000B1F185E08093CB028AEF98E10E94D9103C
:10D09000882319F01092F70474CF8AEF98E10E9468
:10D0A000431190939B0280939A02AC0170E060E080
:10D0B0008AE299E10E94312320919A0230919B02E9
:10D0C0002932310568F080919E02833320F081502F
:10D0D00080939E0205C02536310510F08F31B8F7D8
:10D0E00080919E028E3108F04CCF8EE12CCFD093F0
:10D0F0009B02C0939A02809102029091E0029C30C0
:10D1000031F1943121F18230E8F0282F30E0AE0186
:10D11000421B530B2C173D0711F450E040E0909157
:10D12000C8028B5F911101C085E08093CB02809192
:10D13000CB028B3018F08AE08093CB024115510569
:10D1400091F013C085E08093CB02AE01F0CF95E063
:10D150009093CB02823080F090E0AE01481B590BD7
:10D160008C179D0711F441E050E070E060E08AE226
:10D1700099E10E94312305CFAE01E0CF8091950265
:10D18000811109C08091F704811105C0CE01880F7B
:10D19000991FC80FD91F209709F01ACFC1E0D0E01E
:10D1A00017CF823008F00DCFF1CF823008F009CFD1
:10D1B000CC0FDD1FF0CF8091F70481110DC080915D
:10D1C0009502811109C08091F504811105C08091FB
:10D1D000EC04882309F44FC092E29F1508F449CF6C
:10D1E00081EF8F0D853008F044C089E016C09111A1
:10D1F0000CC080919502811108C08091F5048111C5
:10D2000004C08091EC048823B1F120E22F1568F36B
:10D2100083EF8F0D873088F585E020912102909172
:10D220003419222309F454C0E11029C02091A80523
:10D23000281728F52F5F2093A80520913419809195
:10D24000E10290E087962817190629F024F08091D2
:10D25000351980933419DF91CF911F910F91FF9071
:10D26000EF90DF90CF90BF90089580E0D6CF85E11A
:10D27000D4CF8BE0D2CF83E0D0CF87E0CECF109257
:10D28000A805C92FE11020C020913519EC2EF12CF2
:10D29000822F90E087968E159F057CF28C2F821B43
:10D2A0000E94AD50882319F0C0933419C6CF8091E5
:10D2B000E10290E08796E816F90621F4809135198D
:10D2C00080933419CF5FE0CF9F5F90933419B5CF2F
:10D2D000E11012C02091A805281770F42F5F209349
:10D2E000A8059091341980913519981708F0B3CF9B
:10D2F0008091E102895DADCF1092A805C92FE110A0
:10D3000010C0809135198C1760F73C2F381B832F84
:10D310000E94AD50882319F0C0933419E2CFC15058
:10D32000F0CF915090933419DCCF4F925F926F926F
:10D330007F92AF92BF92CF92DF92EF92FF920F93C4
:10D340001F93CF93DF93C82F809122020E94C9635D
:10D35000F82E0E949A51AC2EB12C80911F0281119F
:10D3600058C06501CC0CDD1CCA0CDB1CC601815DFC
:10D370009B4F6C0100E020E04FEF60E081E00E94F5
:10D38000AF5EF601608371838283809120028111F8
:10D390002FC0FFEFAF1ABF0A7501EE0CFF1CEA0C9D
:10D3A000FB1CC701815D9B4F7C0120E04FEF60E0DB
:10D3B00081E00E94AF5EF701608371838283809178
:10D3C00035198C1720F1C0914C19C850D0E0CE010E
:10D3D000880F991FC80FD91FC15DDB4F00E020E007
:10D3E0004FEF60E081E00E94AF5E688379838A83BB
:10D3F000DF91CF911F910F91FF90EF90DF90CF9031
:10D40000BF90AF907F906F905F904F900895C15004
:10D41000DDCF809135199501281B3109F901EB5FAA
:10D42000FB4F80818F113DC0D9E1D29FC001D39FB6
:10D43000900D11246F2D8E5E9A4E0E94A91360915B
:10D4400091027091920290E080E00E944EC420E030
:10D4500030E040EC5FE30E94AFC42B013C016091DF
:10D46000020270E090E080E00E9450C49B01AC0199
:10D47000C301B2010E94D2C60E9444C79B01AC0105
:10D4800080913519B501681B7109D69FC001D79FDE
:10D49000900D112401E010E060E08E5E9A4E0E9433
:10D4A0007613809120028111A3CF6501FFEFCF1A7F
:10D4B000DF0A809135199601281B3109F901EB5FCC
:10D4C000FB4F80818F113CC0D9E1D29FC001D39F17
:10D4D000900D11246F2D8E5E9A4E0E94A9136091BB
:10D4E00091027091920290E080E00E944EC420E090
:10D4F00030E040EC5FE30E94AFC42B013C0160913F
:10D50000020270E090E080E00E9450C49B01AC01F8
:10D51000C301B2010E94D2C60E9444C79B01AC0164
:10D5200080913519C81AD108DC9DC001DD9D900D90
:10D53000112401E010E060E08E5E9A4E0E947613A6
:10D540008091351990E0C1508A159B051CF0C0915F
:10D550004C19C850D0E09E01281B390BF901EB5F34
:10D56000FB4F80818F1144CF19E1129FC001139F9F
:10D57000900D11246F2D8E5E9A4E0E94A91360911A
:10D5800091027091920290E080E00E944EC420E0EF
:10D5900030E040EC5FE30E94AFC46B017C0160911E
:10D5A000020270E090E080E00E9450C49B01AC0158
:10D5B000C701B6010E94D2C60E9444C79B01AC01BC
:10D5C00080913519C81BD1091C9FC0011D9F900D6A
:10D5D000112401E010E060E08E5E9A4E0E94761306
:10D5E00007CF8F929F92AF92BF92DF92EF92FF92FE
:10D5F0000F931F93CF93DF93EC0185E08093CB02D1
:10D600000E949A518AE299E10E940123882309F439
:10D61000D7C06091020270E0CE010E9402C6EB0109
:10D6200080919502882309F4EBC08AEF98E10E946B
:10D63000D910882309F4D0C010929502AE0170E091
:10D6400060E08AE299E10E943123D0939B02C0936B
:10D650009A0286E280939E028091EF0481110CC0B1
:10D660008091F604811108C08091F504811104C0F5
:10D6700080919E020E94FD50809150190E94975007
:10D6800081119EC08091CF028111EAC08091C802B1
:10D69000882321F0809134190E9495698091A60514
:10D6A0008F5F843008F0DFC08093A6058091A605C7
:10D6B0000E94BD4FC0913519C80FC0933419809195
:10D6C000C802882309F47CC0809122020E94C963A9
:10D6D000182F80911E0245E0D42E882331F06091EE
:10D6E000501981E00E943D24D82E8091E0028C30B8
:10D6F00011F430E2D32EAC2EB12C7501EE0CFF1CD0
:10D70000EA0CFB1CC701815D9B4F7C0100E020E01F
:10D71000412F6D2D81E00E94AF5EF7016083718320
:10D72000828380913519F501E81BF109EB5FFB4F0E
:10D73000108380912002811143C07501FFEFEF1A21
:10D74000FF0A4701880C991C8E0C9F1CC401815D47
:10D750009B4F4C0120E0412F6D2D81E00E94AF5E78
:10D76000F4016083718382838091351990E0F70121
:10D77000E81BF90BEB5FFB4F1083C1508A159B052B
:10D780001CF0C0914C19C850D0E07E01EE0CFF1C7B
:10D79000EC0EFD1EC701815D9B4F7C0100E020E087
:10D7A000412F6D2D81E00E94AF5EF7016083718390
:10D7B000828380913519C81BD109CB5FDB4F188359
:10D7C000DF91CF911F910F91FF90EF90DF90BF906D
:10D7D000AF909F908F9008958AEF98E10E94431137
:10D7E000AC0170E060E08AE299E10E9431238AEFA7
:10D7F00098E10E94431190939B0280939A0229CF53
:10D800008091F704882321F18AEF98E10E94D910D2
:10D81000882319F01092F7041FCF8AEF98E10E9435
:10D820004311AC0170E060E08AE299E10E9431238B
:10D830008AEF98E10E94431190939B0280939A0291
:10D8400080919E0281508E3108F004CF8EE102CF8C
:10D85000AB0170E060E08AE299E10E943123FCCEE6
:10D860001092CF021BCF1092A60520CFEF92FF920D
:10D870000F931F93CF93DF93C82F809115020E94BF
:10D88000C963182F8091F003D4E1882331F06091AF
:10D89000501980E00E943D24D82F8091EB04082E7F
:10D8A000000C990BEC2FF0E08E179F078CF1209164
:10D8B000E10228171906F9F0F4F080911602882386
:10D8C000F9F02D30D1F4E85FF44FE491F0E07F01FE
:10D8D000EE0CFF1CEE0DFF1DCF01815D9B4F7C0107
:10D8E00000E020E0412F6D2F80E00E94AF5EF70145
:10D8F000608371838283CF5FD0CFE750F54FE5CF50
:10D900002D3019F4E451F54FE0CFE352F54FDDCF60
:10D91000DF91CF911F910F91FF90EF900895EF92BB
:10D920000F931F93CF93DF9386E399E10E94012326
:10D93000882309F449C1C091EB048C2F0C2E000CF4
:10D94000990B2091E1022817190611F00CF06AC01A
:10D950000E94F55F1092EB04D0E0C0E08091F604E5
:10D96000811118C08091F704811114C08091950233
:10D97000811110C08091F50481110CC080914F1964
:10D98000853021F48091EC04811104C00E941F5164
:10D99000882351F08091EA04882331F080E691E0F9
:10D9A0000E9482591092EA0440914019042F10E01D
:10D9B0009091950280914F198250823008F093C067
:10D9C000911104C08091F704882361F08AEF98E1F7
:10D9D0000E9443112091910230919202021B130B7D
:10D9E000080F191F8091F504882339F085E098010C
:10D9F000829F8001839F100D112480910002AE014F
:10DA0000400F511F823058F0843009F4B6C008F03E
:10DA100076C0823009F486C0833009F49BC090E060
:10DA200080E08BC080914F19853099F50E941F517D
:10DA3000811131C08091EC0481112DC0809195023B
:10DA4000811129C08091F704811125C08091EF04D4
:10DA5000811121C08091F50481111DC08091F604CF
:10DA6000811119C08091EA04811115C0C11113C040
:10DA70004091F20E4451EE24E39408E715E021E0D2
:10DA800061E080E691E00E94D75981E08093EA044A
:10DA900002C0843099F28091E30381115DCF8091BF
:10DAA000EB040E94366C8091EB048F5F8093EB0453
:10DAB00090914F199450923008F04ECF9091F50408
:10DAC00091114ACF082E000C990B2091E1022817E2
:10DAD000190611F00CF040CF80914019CDE4D1E04F
:10DAE000C81BD1093BCF911105C08091F704882351
:10DAF00009F478CF8AEF98E10E94431171CF853005
:10DB000009F44EC0863009F08ACF80914F198450B5
:10DB1000823008F442C0CA014333510570F082E3F9
:10DB200090E00BC080914F1984508230C0F4CA013C
:10DB30004630510510F085E090E0481B590B70E02D
:10DB400060E086E399E1DF91CF911F910F91EF9013
:10DB50000C94312380914F198450823038F4CA01DB
:10DB60004B30510550F38AE090E0E7CFCA014531D0
:10DB7000510518F384E190E0E0CF80914F19845073
:10DB8000823038F4CA0140315105B8F28FE090E09C
:10DB9000D4CFCA014F31510580F28EE190E0CDCF54
:10DBA00080914F198450823038F4CA014A315105AE
:10DBB00020F289E190E0C1CFCA014932510508F451
:10DBC000BCCF88E290E0B9CFDF91CF911F910F9148
:10DBD000EF900895EF92FF920F931F93CF93DF93EF
:10DBE0008091C80281115BC180911E02D5E088231B
:10DBF00031F06091501984E00E943D24D82F80912B
:10DC00001C020E94C963C82F109113078091F5046C
:10DC1000882309F4B1C0112309F474C0A59A739A3A
:10DC200080910201886080930201809102018061ED
:10DC300080930201809102018062809302018091B1
:10DC4000020180648093020180911A0290911B026C
:10DC5000009709F424C1D0E00197A1F500E020E08D
:10DC60004C2F65E084E00E94AF5E6093AD05709339
:10DC7000AE058093AF0520E04C2F65E084E00E9464
:10DC8000AF5E6093B0057093B1058093B20520E05C
:10DC90004C2F6BE084E00E94AF5E6093B3057093FD
:10DCA000B4058093B50520E04C2F6BE084E00E9422
:10DCB000AF5E6093B6057093B7058093B80520E01A
:10DCC0004C2FC9C08D2F90E02091DE022150330BE4
:10DCD000821793070CF0E3C07C01EE0CFF1CE80EEA
:10DCE000F91EC70183559A4F7C0100E020E04C2FBC
:10DCF00065E084E00E94AF5EF701608371838283F8
:10DD0000DF5FE0CFA598739880910201877F8093B1
:10DD10000201809102018F7E8093020180910201B5
:10DD20008F7D80930201809102018F7B809302019D
:10DD300080911A0290911B02892B09F4B0C0812FA7
:10DD400090E02091DE022150330B821793070CF0F4
:10DD5000A6C0EC01CC0FDD1FC80FD91FC355DA4F89
:10DD600000E020E04FEF60E084E00E94AF5E688357
:10DD700079838A831F5FE3CF183008F090C0E12FCA
:10DD8000F0E08827E953F1498F4F0C942AC6CF6EF3
:10DD90000A6F566F9C6FE36F247052708070A59865
:10DDA000739880910201877F809302018091020124
:10DDB0008F7E80930201809102018F7D809302010A
:10DDC000809102018F7B8093020180911A029091D1
:10DDD0001B02892B09F463C010E0812F90E0209191
:10DDE000DE022150330B821793070CF058C0EC0170
:10DDF000CC0FDD1FC80FD91FC355DA4F00E020E05C
:10DE00004FEF60E084E00E94AF5E688379838A838D
:10DE10001F5FE3CFA598739880910201877F80935D
:10DE20000201809102018F7E8093020180910201A4
:10DE300080628093020180910201806480930201DC
:10DE400080911A0290911B02009749F100E020E0B6
:10DE50004C2F019771F46FE084E00E94AF5E6093F5
:10DE6000B9057093BA058093BB0520E04C2F6FE095
:10DE70000DC06D2F84E00E94AF5E6093B905709372
:10DE8000BA058093BB0520E04C2F6D2F84E00E94E3
:10DE9000AF5E6093BC057093BD058093BE05DF91B6
:10DEA000CF911F910F91FF90EF900895A5987398CF
:10DEB000809102018860809302018091020180615B
:10DEC000809302018091020180628093020180911F
:10DED000020180648093020180911A0290911B02DA
:10DEE0000097E9F200E020E04C2F0197B9F46BE0D5
:10DEF00084E00E94AF5E6093B3057093B405809395
:10DF0000B50520E04C2F6BE084E00E94AF5E60938B
:10DF1000B6057093B7058093B805C1CF6D2F84E027
:10DF20000E94AF5E6093B3057093B4058093B5050E
:10DF300020E04C2F6D2FE8CFA59A739A80910201B3
:10DF400088608093020180910201806180930201C8
:10DF500080910201806280930201809102018064BD
:10DF60008093020180911A0290911B02009709F49C
:10DF700096CF00E020E04C2F0197B9F465E084E0F3
:10DF80000E94AF5E6093AD057093AE058093AF05C0
:10DF900020E04C2F65E084E00E94AF5E6093B00506
:10DFA0007093B1058093B2057ACF6D2F84E00E9403
:10DFB000AF5E6093AD057093AE058093AF0520E032
:10DFC0004C2F6D2FE8CFA59A739A8091020188603B
:10DFD000809302018091020180618093020180910F
:10DFE000020180628093020180910201806480932B
:10DFF000020180911A0290911B02009709F44FCF01
:10E0000010E0019709F42ACE812F90E02091DE02E2
:10E010002150330B821793070CF041CF7C01EE0C9B
:10E02000FF1CE80EF91EC70183559A4F7C0100E0E2
:10E0300020E04C2F6D2F84E00E94AF5EF7016083DB
:10E04000718382831F5FE0CFA59A739A809102014A
:10E0500088608093020180910201806180930201B7
:10E06000809102018F7D80930201809102018F7B5C
:10E070008093020180911A0290911B02892B09F46E
:10E080000ECF00E020E04FEF60E084E00E94AF5E42
:10E090006093B9057093BA058093BB0520E04FEFFC
:10E0A00060E0F4CEA59A739A80910201877F8093F5
:10E0B0000201809102018F7E809302018091020112
:10E0C0008F7D80930201809102018F7B80930201FA
:10E0D00080911A0290911B02892B09F4E0CE00E096
:10E0E00020E04FEF60E084E00E94AF5E6093B305F4
:10E0F0007093B4058093B50520E04FEF60E004CF46
:10E10000A598739880910201877F80930201809186
:10E1100002018F7E80930201809102018F7D8093A6
:10E120000201809102018F7B8093020180911A028B
:10E1300090911B02892B09F4B2CE00E020E04FEF52
:10E1400060E084E00E94AF5E6093AD057093AE0521
:10E150008093AF0520E04FEF60E01DCFEF920F936B
:10E160001F93CF93DF9386EF90E10E9401238823D2
:10E1700009F45AC18091C8028111CCC00E941F517C
:10E180009091E904882309F48DC08091F5048111F0
:10E1900089C08091F604811185C08091F7048111B6
:10E1A00081C08091EC0481117DC0911138C04091F3
:10E1B000F20E8091F403EE24E394882309F484C0E2
:10E1C00000ED17E021E061E08AEB91E00E94D75971
:10E1D0000E942F8381E08093E9048091F5038823D6
:10E1E000F1F040E355E760E070E08BEA9FE00E94C9
:10E1F00031238091E904811112C00E941F518823AC
:10E2000009F473C08091F704811109C08091F5046D
:10E21000811105C08091EC04882309F466C00E9436
:10E220008E5F0091CD021091CE026091010270E0EC
:10E23000C8010E9402C6EB0180914F1982508230C2
:10E2400008F4CCC08FEB9FE00E94BB222091950286
:10E25000672B682B692B09F4B4C0222309F4A1C0F1
:10E26000C091CD02D091CE028AEF98E10E94431175
:10E27000C45DDE4FC81BD90B8091F504882331F0B3
:10E28000C091CD02D091CE02CC0FDD1FAE0170E067
:10E2900060E086EF90E1DF91CF911F910F91EF90B9
:10E2A0000C943123992309F4A8CF8EE491E00E94C5
:10E2B0008F5989EB91E00E948F598AEB91E00E947F
:10E2C0008F591092E90495CF10E000E020E060E063
:10E2D0008EE491E00E94D7590CEF18E021E04091C4
:10E2E000F20E61E089EB91E071CF8091130790917C
:10E2F000F504992359F0882329F0109213070E94FE
:10E30000EA6D8FCF81E080931307F9CF8730A8F7AC
:10E310008F5FF9CF0E948E5F8091E904882309F412
:10E3200080CF8091F503882341F18091F50481111C
:10E3300024C08091F604811120C08091F7048111DE
:10E340001CC08091EC04811118C085E991E00E9405
:10E350008F59EE24E39410E000E020E04091F20EAB
:10E3600061E085E991E00E94D75940E355E760E01C
:10E3700070E08BEA9FE00E9431238EE491E00E94DE
:10E380008F5989EB91E00E948F598AEB91E00E94AE
:10E390008F591092E9040E94C0548FE60E94A23463
:10E3A00040CF8091F704882309F466CF8AEF98E183
:10E3B0000E944311C091CD02D091CE02C80FD91F47
:10E3C0005BCF222371F3C091CD02D091CE028AEFB0
:10E3D00098E10E944311CA56DF4F4CCF80919502BD
:10E3E000882381F08AEF98E10E9443114091CD0289
:10E3F0005091CE022091910230919202421B530B18
:10E40000EA01DCCF8091F704882309F435CF8AEF45
:10E4100098E10E944311EC01C80166E070E00E949F
:10E4200002C6C60FD71F28CFDF91CF911F910F9142
:10E43000EF900895EF920F931F93CF93DF9388ECA3
:10E4400090E10E9435228EEA90E10E94352284E913
:10E4500090E10E9435228AE790E10E9435228CE704
:10E460009FE00E94352280E690E10E94352286E4FA
:10E4700090E10E9435228091E90481110EC00E9432
:10E480001F51882351F08091F704811106C08091BB
:10E49000F504811102C08091EC049091C8029111A1
:10E4A00084C2811182C280911C020E94C963182F0C
:10E4B00020914F198EEF820F823008F03EC28CEE11
:10E4C00090E10E94BB22643F71408105910508F0F4
:10E4D0001CC22C9A20911A0230911B022115310581
:10E4E00031F1C091DE02C150DD0BCE01880F991FC2
:10E4F0002130310549F4C80FD91FC355DA4F00E068
:10E5000020E0412F6FE00DC020914F19C80FD91F97
:10E51000C355DA4F00E0223009F0F3C120E0412F6B
:10E5200065E084E00E94AF5E688379838A8380918E
:10E530002502882351F08CEE90E10E94BB22643FBB
:10E5400071408105910508F018C22D9A80911A0238
:10E5500090911B02892BA9F0C091DE028C2F90E0D4
:10E56000EC01CC0FDD1FC80FD91FC355DA4F00E0F7
:10E5700020E0412F6BE084E00E94AF5E68837983E6
:10E580008A838CEE90E10E940123882321F08CEE97
:10E5900090E10E9444238091F303882309F42FC261
:10E5A0008091C80281110DC081E08093C8028EE481
:10E5B0000E94A23484E10E94D3240E94B6610E948A
:10E5C000D86080E690E10E94A922811106C080E611
:10E5D00090E10E9497228823A1F18FE390E00E94AE
:10E5E0008F5980E490E00E948F5986E590E00E9468
:10E5F0008F5987E590E00E948F59809121028823EE
:10E6000009F4B9C210922102EE24E39410E000E074
:10E6100020E04091F20E60E080E490E00E94D75943
:10E620008091FB049091FC04019759F020E0409107
:10E63000F20E60E087E590E00E94D75981E20E94E7
:10E64000A23486E490E10E94A922811106C086E4EA
:10E6500090E10E949722882399F185E590E00E943D
:10E660008F5984E590E00E948F598091970288230A
:10E6700009F4A1C21092970280E00E9439508CE206
:10E6800090E00E948F59EE24E39410E000E020E037
:10E690004091F20E60E08CE290E00E94D7598091A8
:10E6A000FB049091FC04019759F020E04091F20E98
:10E6B00060E085E590E00E94D7598FE10E94A23486
:10E6C0008AE790E10E94A922811106C08AE790E1C1
:10E6D0000E9497228823B9F180E590E00E948F592B
:10E6E00081E590E00E948F5920918C1030918D101F
:10E6F00090912502232B09F082C22091FB043091D6
:10E70000FC04232B61F42091C0103091C110213002
:10E71000310529F48091FA048F5F8093FA049111F6
:10E7200012C089E00E94A23481E080932502EE2489
:10E73000E39410E000E020E04091F20E60E080E51C
:10E7400090E00E94D75984E990E10E94A9228111AA
:10E7500006C084E990E10E949722882391F084E426
:10E7600090E00E948F59EE24E39410E000E020E056
:10E770004091F20E60E084E490E00E94D75910923C
:10E78000F6038EEA90E10E94A922811106C08EEA6A
:10E7900090E10E949722882309F11092FA04809157
:10E7A00023028823D9F00E948550882309F43AC2B5
:10E7B0008091FB049091FC04892B81F488E290E025
:10E7C0000E948F59EE24E39410E000E020E0409195
:10E7D000F20E60E088E290E00E94D75988EC90E168
:10E7E0000E94A922811106C088EC90E10E94972224
:10E7F0008823C1F11092FA0480914F19825082301F
:10E8000008F41FC281E691E00E948F59EE24E39440
:10E8100010E000E020E04091F20E60E081E691E03F
:10E820000E94D7598091DA109091DB10892B09F062
:10E8300021C281E080934E1980914D19813061F49D
:10E840008091FB049091FC04892B31F482E090E0EC
:10E850009093F9048093F8048CE40E94A2348FE32F
:10E860000E94D3248091FB049091FC04892B09F031
:10E87000AEC28091F2048111AAC28091F404811188
:10E88000A6C290914F198091F603811175C2209113
:10E89000A6103091A710232B09F021C28CEF890F0D
:10E8A000823030F5943009F0F7C183E080934F193E
:10E8B0008093960F8CE00E94A2348EE20E94D324B3
:10E8C00084E990E10E94A922811106C084E990E1C7
:10E8D0000E949722882361F0EE24E39410E000E088
:10E8E00020E04091F20E60E08EE490E00E94D75963
:10E8F0000E943951DF91CF911F910F91EF900C94AD
:10E90000966220E0412F63E00CCE2C9880911A0291
:10E9100090911B02892B09F40ACE8091DE0281506E
:10E92000990BEC01CC0FDD1FC80FD91FC355DA4F6F
:10E9300000E020E04FEF60E0F4CD2C9A40911A0205
:10E9400050911B024115510509F4F1CDC091DE0231
:10E95000C150DD0BCE01880F991FC80FD91FC355B9
:10E96000DA4F00E04130510509F4CACD243009F4F2
:10E97000C7CD20E0412F63E1D4CD2D9880911A02BC
:10E9800090911B02892B09F4FCCDC091DE028C2FE3
:10E9900090E0EC01CC0FDD1FC80FD91FC355DA4F33
:10E9A00000E020E04FEF60E0E6CD2C982D988091BC
:10E9B0001A0290911B02892B09F4E3CD8091DE02AB
:10E9C0008150990BEC01CC0FDD1FC80FD91FC35527
:10E9D000DA4F00E020E04FEF60E084E00E94AF5E9D
:10E9E000688379838A83C091DE028C2F90E0EC01EA
:10E9F000CC0FDD1FC80FD91FC355DA4FD2CF8CE71C
:10EA00009FE00E949722882309F459C08DE390E08B
:10EA10000E948F5984E691E00E948F5985E691E02B
:10EA20000E948F5986E691E00E948F5987E691E017
:10EA30000E948F598EE390E00E948F5988E290E007
:10EA40000E948F5982E490E00E948F5984E490E004
:10EA50000E948F59EE24E39410E000E020E0409102
:10EA6000F20E60E08EE390E00E94D759C091F20E62
:10EA70000E94B7C325E030E040E050E00E9483C52B
:10EA8000FB01EE0FFF1FED52F54F8591949108E7C2
:10EA900010E021E04C2F60E00E94D7598091FB04E8
:10EAA0009091FC04019709F058C010E000E020E0CC
:10EAB0004091F20E60E082E490E00E94D7598CE72A
:10EAC0009FE00E94A922882351F188E290E00E94F1
:10EAD0008F598CE290E00E948F59EE24E39410E06D
:10EAE00000E020E04091F20E60E088E290E00E94B9
:10EAF000D75920E04091F20E60E08CE290E00E9455
:10EB0000D7598091FB049091FC04019769F520E0AE
:10EB10004091F20E60E082E490E00E94D75980912B
:10EB2000C80220918E0F30918F0F232B09F43ACD1C
:10EB3000882309F446CD1092C8020E941A608FE41F
:10EB40000E94A23485E10E94D3248091F40488239A
:10EB500009F437CD0E944D6334CD8091F4048111C6
:10EB6000AECF10929C02ABCF8091F4048111D7CF2D
:10EB700010929C02D4CF81E080932102EE24E39492
:10EB800010E000E020E04091F20E60E08FE390E0C2
:10EB90000E94D7598091FB049091FC04019709F4DD
:10EBA00050CD20E04091F20E60E086E590E00E94BA
:10EBB000D75982E244CD81E0809397028DE390E0C3
:10EBC0000E948F59EE24E39410E000E020E0409191
:10EBD000F20E60E08DE390E00E94D7598091FB0433
:10EBE0009091FC04019709F46BCD20E04091F20E66
:10EBF00060E084E590E00E94D75980E25FCD9923E0
:10EC000009F4A1CD8AE00E94A23410922502EE24DC
:10EC1000E39410E000E020E04091F20E60E081E536
:10EC200090E08FCD87E791E00E948F59EE24E39426
:10EC300010E000E020E04091F20E60E087E791E014
:10EC4000CBCD8091DA109091DB10019709F0EACDDD
:10EC50008091FB049091FC04019709F0E3CDEE2430
:10EC6000E39410E000E020E04091F20E60E082E0EA
:10EC700090E0D6CD10924E198091FB049091FC0447
:10EC80008130910521F49093F9048093F8048DE488
:10EC90000E94A23480E4E4CD82E080934F198093F7
:10ECA000960F8BE00E94A2348FE20E94D32484E965
:10ECB00090E10E94A922811107C084E990E10E949D
:10ECC0009722882309F414CEEE24E39410E000E0A8
:10ECD00020E04091F20E60E08DE490E007CE8EEFF0
:10ECE000890F823008F004CE923019F584E08093C9
:10ECF0004F198093960F8DE00E94A2348DE20E94FE
:10ED0000D32484E990E10E94A922811107C084E9FB
:10ED100090E10E949722882309F4EACDEE24E3943F
:10ED200010E000E020E04091F20E60E08EE590E01F
:10ED3000DDCD85E080934F198093960F8EE00E9481
:10ED4000A2348CE20E94D32484E990E10E94A9229B
:10ED5000811107C084E990E10E949722882309F479
:10ED6000C7CDEE24E39410E000E020E04091F20EE5
:10ED700060E083E091E0BACD8091960F891739F178
:10ED8000833069F0853091F08230B9F480934F1967
:10ED90008BE00E94A2348FE20E94D324A9CD8093FD
:10EDA0004F198CE00E94A2348EE2F6CF80934F1967
:10EDB0008EE00E94A2348CE2EFCF84E080934F1962
:10EDC0008093960F8DE00E94A2348DE2E5CFDF9113
:10EDD000CF911F910F91EF900895CF92DF92EF9214
:10EDE000FF920F931F93CF93DF93EC0180E291E1A9
:10EDF0000E940123882309F44BC280919302882347
:10EE000009F4B3C084E091E10E94D910882309F489
:10EE1000CBC010929302AE0170E060E080E291E11D
:10EE20000E943123D0939902C093980280911802D6
:10EE30000E94C963C82E80911E0295E0D92E8823B6
:10EE400031F06091501982E00E943D24D82E0E943A
:10EE50001F51882361F080915019811108C0809161
:10EE6000180286950E94C963C82E8BE0D82E909117
:10EE7000C8028091A70520912102222309F4E6C04F
:10EE800091113CC0082E000C990B4091F1039C019C
:10EE9000220F331F820F931F413009F0C2C08C0133
:10EEA00003551A4F4C2D6D2D82E00E944663F801E8
:10EEB0006083718382838091A705082E000C990BD3
:10EEC000209103112817190609F0B8C0E09002112B
:10EED0008E2D90E07C01EE0CFF1CE80EF91E9701D0
:10EEE00023553A4F790100E020E04FEF60E082E0E7
:10EEF0000E94AF5EF7016083718382838091A705D2
:10EF00008F5F8093A705082E000C990B20910211AA
:10EF10002817190624F4809103118093A705809186
:10EF2000F203882309F4B4C19091A70590FDB0C104
:10EF30009091F0049111ACC19091A9059111A8C1D3
:10EF400090910202963008F0E6C0943008F0F2C0CA
:10EF5000923008F036C17E0121E0E21AF10832E079
:10EF6000E316F10408F0EEC0E1C08091F0048823BC
:10EF700079F10E94D86084E091E10E94D910882341
:10EF800099F01092F0048091EF0F882309F44ECF8E
:10EF90008091C80281114ACF8091A905811146CF85
:10EFA00081E08093A90542CF84E091E10E94431162
:10EFB000AC0170E060E080E291E10E94312384E0E6
:10EFC00091E10E94431190939902809398022ECF71
:10EFD000D0939902C0939802809102028230B8F0D7
:10EFE000853040F0CE010497C430D10559F4C1E01A
:10EFF000D0E00FC090E0C817D907C9F39E01281BC5
:10F00000390BC901C817D90790F3EC0102C020974A
:10F0100071F3AE0170E060E080E291E10E94312383
:10F0200005CF9C0123553A4F790100E020E04C2D9B
:10F030006D2D82E00E94AF5EF7013ACF01977C010F
:10F04000EE0CFF1C8E0D9F1D9C014ACF91113CC000
:10F05000082E000C990B4091F1039C01220F331FE5
:10F06000820F931F413009F041C08C0103551A4FA4
:10F070004C2D6D2D82E00E944663F8016083718300
:10F0800082838091A705082E000C990B2091021114
:10F090002817190609F0BCF5E09003118E2D90E0B9
:10F0A0007C01EE0CFF1CE80EF91E970123553A4F28
:10F0B000790100E020E04FEF60E082E00E94AF5E67
:10F0C000F7016083718382838091A70581508093CB
:10F0D000A705082E000C990B20910311281719067B
:10F0E00009F00CF41CCF8091021117CF9C0123551D
:10F0F0003A4F790100E020E04C2D6D2D82E00E9416
:10F10000AF5EF701BBCF01967C01EE0CFF1C8E0DAC
:10F110009F1D9C01CBCF9A3008F01DCF7E01F4E0FB
:10F12000EF1AF10822E0E216F10460F472E0E72E33
:10F13000F12C08C07E0133E0E31AF10892E0E916F1
:10F14000F104A0F3C0910111DFEFDC0F8695D80F19
:10F15000809118020E94C963182F80911207082E0F
:10F16000000C990BC817190619F014F0C093120778
:10F1700000915019C0911207063029F00E941F51CA
:10F18000882309F48EC08C2F0C2E000C990BD817F5
:10F19000190609F0A4F4063009F485C080919C0793
:10F1A0008F5F8530C0F4982F9370A9F080939C07EF
:10F1B00080919C07813089F0823009F474C08DE021
:10F1C0000DC07E01E2E0EE1AF108F2E0EF16F10464
:10F1D00008F0B8CFABCF81E0E9CF8BE0909121026E
:10F1E000992309F46EC098E2E916F10408F03FC0D3
:10F1F0009091C80291113BC00C2E000CDD0B909138
:10F200001702AE01440F551FC40FD51FC355DA4F67
:10F21000913009F44AC0923009F44DC000E020E07A
:10F22000412F682F83E00E94AF5E688379838A83D1
:10F2300080911207082E000C990B209101112817BC
:10F240001906E9F5C09100118C2F90E0EC01CC0F6C
:10F25000DD1FC80FD91FC355DA4F00E020E04FEF84
:10F2600060E083E00E94AF5E688379838A83809147
:10F2700012078F5F80931207082E000C990B2091C4
:10F2800000112817190624F48091011180931207A8
:10F29000DF91CF911F910F91FF90EF90DF90CF9072
:10F2A000089580E09BCF81E099CF412F682F83E0C4
:10F2B0000E944663BACF612F0E94C57EB6CF0197E8
:10F2C000C5CFE8E2EE16F10408F040C09091C80204
:10F2D00091113CC00C2E000CDD0B909117029E0189
:10F2E000220F331FC20FD31FC355DA4F913009F4D9
:10F2F0003FC0923009F442C000E020E0412F682F67
:10F3000083E00E94AF5E688379838A8380911207CD
:10F31000082E000C990B209100112817190609F0EE
:10F320008CF5C09101118C2F90E0EC01CC0FDD1F0A
:10F33000C80FD91FC355DA4F00E020E04FEF60E05F
:10F3400083E00E94AF5E688379838A83809112078D
:10F35000815080931207082E000C990B2091011107
:10F360002817190609F00CF493CF809100118ECF65
:10F37000412F682F83E00E944663C5CF612F0E9412
:10F38000C57EC1CF0196D1CFBF92CF92DF92EF92CF
:10F39000FF920F931F93CF93DF9300D000D0CDB790
:10F3A000DEB79C012D5B31403093F8032093F703C7
:10F3B0002115310509F433C137FF12C01092F8034B
:10F3C0001092F70381E08093AB0566EB7DE0CE0100
:10F3D00001960E948D0ACE0101960E94850A1FC1E6
:10F3E0004091C9025091CA02BA016D5B7140261763
:10F3F00037070CF024C14817590708F420C184EFDF
:10F4000091E09093FA038093F9030E94D2876B01F5
:10F410007C010E94B7C320E031E040E050E00E9450
:10F4200083C59B01AC012C0D3D1D4E1D5F1D65E983
:10F4300079EE81ED9BE50E94E6C5292F332744270D
:10F440005527262737274827592765E979EE81ED83
:10F450009BE50E94E6C59B01AC01E7EC2E27E1E0AD
:10F460003E27E1E14E27E3E55E2769EB70E98AE696
:10F4700098E20E94E6C5DC01CB0127E5822723E75D
:10F4800092272AE2A2272AEAB2279C01AD016DE069
:10F4900056954795379527956A95D1F728273927A7
:10F4A0004A275B2765E979EE81ED9BE50E94E6C579
:10F4B0008B019C01EFE03695279517950795EA9506
:10F4C000D1F7AB01BC014027512762277327009178
:10F4D000F7031091F8036801012E000CEE08FF08F5
:10F4E00084E090E0A0E0B0E08C159D05AE05BF057E
:10F4F00040F432E0880F991FAA1FBB1F3A95D1F73D
:10F50000F3CF0197A109B109C12CD12C7601009745
:10F51000A105B10551F0B695A79597958795EFEFA1
:10F52000CE1ADE0AEE0AFE0AF2CFF694E794D794DA
:10F53000C794C0928D07D0928E07E0928F07F09209
:10F54000900781E090E002C0880F991FCA94E2F70B
:10F550000197092E000CAA0BBB0B80939107909387
:10F560009207A0939307B093940740939507509305
:10F57000960760939707709398071092110710925F
:10F58000100710920F0710920E07F12CE12CBB24EC
:10F59000B394680121E0C21AD108E016F1068CF597
:10F5A00060910E0770910F0790E080E00E949B7FB2
:10F5B000601771075CF060910E0770910F076F5F25
:10F5C0007F4F70930F0760930E07EECFBB2041F083
:10F5D00080910E0790910F07909311078093100769
:10F5E000EC14FD0449F080910E0790910F070196ED
:10F5F00090930F0780930E078FEFE81AF80AB12C4B
:10F60000CCCF6091F9037091FA036D5B714090E08B
:10F6100080E00E94E87E70930D0760930C072696A9
:10F620000FB6F894DEBF0FBECDBFDF91CF911F9113
:10F630000F91FF90EF90DF90CF90BF9008951092C0
:10F64000F8031092F70381E08093AC0561E67DE05A
:10F65000BECE8150823108F05AC0E82FF0E08827F2
:10F66000EB5CF4488F4F0C942AC6557B597B477B43
:10F670004D7B517B877B5C7B627B667B6C7B707B8D
:10F68000747B7A7B7E7B877B827B887B8C7B809183
:10F6900080008F77809380000895809180008F7D17
:10F6A000F9CF80918000877FF5CF84B58F7784BDB7
:10F6B000089584B58F7DFBCF8091B0008F778093C4
:10F6C000B00008958091B0008F7DF9CF80919000B7
:10F6D0008F77809390000895809190008F7DF9CF6F
:10F6E00080919000877FF5CF8091A0008F778093E5
:10F6F000A00008958091A0008F7DF9CF8091A00097
:10F70000877FF5CF809120018F7780932001089526
:10F71000809120018F7DF9CF80912001877FF5CFE7
:10F72000CF92DF92EF92FF920F931F93CF93DF93CD
:10F73000CDB7DEB7DC010DB71EB73C91432F50E0CB
:10F740007A0181E0E81AF108EDB7FEB7E41BF50B8A
:10F750000FB6F894FEBF0FBEEDBF6DB77EB76F5FFB
:10F760007F4F20E08AEAD82E90EFC92E822F90E0BA
:10F770008E159F050CF01BC1233030F4FB012130A6
:10F7800021F1223021F1C08213969C911397992385
:10F7900009F49AC0233008F438C0EDEFE20FEC30E2
:10F7A00008F033C0F0E08827E752F4488F4F0C94FC
:10F7B0002AC67B7CE97BEF7BF57BFB7B0B7C1F7C8C
:10F7C0002A7C357C407C4C7C587CD182DDCF3283D6
:10F7D000DBCF14968C911497FB01848316C011968D
:10F7E0008C911197FB01858310C012968C91129712
:10F7F000FB0186830AC051968C915197882339F07A
:10F8000052968C915297FB0187832F5FAFCF16964C
:10F810008C911697F8CF1A968C911A97882331F00D
:10F820001B968C911B97FB018087EFCF51968C9193
:10F830005197882351F353968C915397F4CF1A968E
:10F840008C911A97882309F31C968C911C97FB01C5
:10F850008187DBCF1A968C911A978823B1F21D9677
:10F860008C911D97FB018287D0CF1E968C911E979D
:10F87000882359F21F968C911F97FB018387C5CF70
:10F880001E968C911E97882309F4BFCF50968C91B9
:10F890005097FB018487B9CF17968C9117978823CF
:10F8A00009F4B3CF18968C911897FB018587ADCFDB
:10F8B00017968C911797882309F4A7CF19968C91E6
:10F8C0001997FB018687A1CFEDEFE20FE83008F032
:10F8D0009CCFF0E014969C9114978827ED58F3483C
:10F8E0008F4F0C942AC67B7C7E7C9E7CB07CB97C3E
:10F8F000C27CC97CD07CFB01938387CF95509C3020
:10F9000008F083CFE92FF0E08827E657F3488F4FC0
:10F910000C942AC6967C057C057C967C9A7C967C09
:10F92000057C967C057C9A7C9A7C967C11968C91C1
:10F93000119752CF16968C9116974ECF9A3031F080
:10F9400048F4953019F0983009F05FCF12968C91F9
:10F95000129748CF9C30D1F3903109F056CFF6CFB3
:10F96000983019F09A3009F050CF1B968C911B9764
:10F970003FCF983019F09A3009F047CF1C968C9100
:10F980001C9741CF9A3009F040CF18968C91189768
:10F990004ACF9A3009F039CF19968C91199757CFE1
:10F9A0009A3009F032CF17968C9117975BCF860F5C
:10F9B000971F25E5DC012C9380911B0F90911C0F64
:10F9C000DC01ED91FC910280F381E02D19950FB6D9
:10F9D000F8941EBF0FBE0DBFDF91CF911F910F9105
:10F9E000FF90EF90DF90CF900895CF93DF93CDB746
:10F9F000DEB764970FB6F894DEBF0FBECDBFFE0131
:10FA0000359620E1DF011D922A95E9F729E0298347
:10FA10009B838A838DE08C8386E0611185E08D83F2
:10FA20006F83CE0101960E94907B64960FB6F89486
:10FA3000DEBF0FBECDBFDF91CF910895CF93DF938F
:10FA4000CDB7DEB764970FB6F894DEBF0FBECDBF5B
:10FA5000FE01339632E1DF011D923A95E9F73CE071
:10FA600039839B838A838AE08D837D876C875A875D
:10FA700049872887CE0101960E94907B64960FB635
:10FA8000F894DEBF0FBECDBFDF91CF910895CF9325
:10FA9000DF93EC019A01AB01E889F98982E0808368
:10FAA000211581EE38074105510581F160E079E0CB
:10FAB0008DE390E00E94B5C52150310941095109FB
:10FAC0005695479537952795EC85FD851082EE85EF
:10FAD000FF852083188EEC89FD8986E08083EA8982
:10FAE000FB89808180618083EA89FB8980818860CD
:10FAF0008083EA89FB89808180688083EA89FB8929
:10FB000080818F7D8083DF91CF910895E889F98985
:10FB1000108220E1D9CFEF92FF920F93CF93DF9322
:10FB2000EC01A62FB0E0CD01815A964E7C01FC017C
:10FB30003081623009F438C0643009F435C0613076
:10FB400011F062E006C080914F1984506AE0823063
:10FB5000C0F7403208F02AC0E42FF0E08827EC54C8
:10FB6000F2488F4F0C942AC6EC7DD67DF67DFA7D47
:10FB7000FD7D017E047E077E097E0B7E0D7E0F7E5D
:10FB8000117E137E157E177E197E207E247E267EB2
:10FB9000287E2A7E307E327E347E567E797E857E39
:10FBA000A57EDB7DE27DE77D66E0D3CF84E68883BA
:10FBB00019822A8314C08091D5029091D40298832F
:10FBC0008983F7CF8091D3029091D202F8CF8091B0
:10FBD000D1029091D002F3CF188219821A82CE01FD
:10FBE000DF91CF910F91FF90EF90089584E2888389
:10FBF00087EBE6CF84EF888305C084EF888380E8B5
:10FC0000DFCF18828FEFDCCF188280ECD9CF85E070
:10FC1000F2CF8AE0F0CF8FE0EECF84E1ECCF80E24C
:10FC2000EACF8BE2EBCF80E4E6CF80E5E4CF80E65D
:10FC3000E2CF80E688838FEF898380E88A83CFCF05
:10FC400080E7888388E7BCCF80E8D5CF81E9D3CF30
:10FC500080EAD1CF8AEA888388EC898380E7EECF77
:10FC600084EBC9CF80ECC7CF332329F0303619F0AD
:10FC7000F701108230E0011112C0A756B84F8C91E5
:10FC80008F5F8C930E94F6C5911109C0F7018081A6
:10FC9000811107C080E6808381E08C9330E6388351
:10FCA000B1CF108281E08C9330E0F9CF3F3031F05A
:10FCB000323D21F08FE0F70180833FE00111EFCF6B
:10FCC000A756B84F8C918F5F8C930E94F6C5911107
:10FCD000E6CFF70180818F3031F482ED808381E0BF
:10FCE0008C9332EDDCCF8FE0808381E08C933FE01A
:10FCF000D6CFA756B84F8C9182598F3010F080EA3A
:10FD00008C938C9181508C9376CFFD01E756F84F00
:10FD1000011103C080818F5F808380810E94F6C5BE
:10FD200091110CC0832F90E005966FEF70E00E9458
:10FD300016C6382FD7018C9381E08083002319F0F9
:10FD4000F7013081355038835ACFFD01E756F84F1F
:10FD5000011103C080818F5F808380810E94F6C57E
:10FD600091110CC0832F90E005966FEF70E00E9418
:10FD700016C6382FD7018C9381E08083002309F4C5
:10FD80008ECFF701308135508ACF0F93CF93DF9319
:10FD900000D000D0CDB7DEB7262F00E0482F63E0BB
:10FDA000CE0104960E948B7DBE016F5F7F4FCE0116
:10FDB00004960E9475237B816A81898126960FB6FD
:10FDC000F894DEBF0FBECDBFDF91CF910F910895A4
:10FDD0004F925F926F927F928F929F92AF92BF925B
:10FDE000CF92DF92EF92FF920F931F93CF93DF9307
:10FDF00000D01F921F92CDB7DEB720918D072D83C3
:10FE00004B015C0104C0B694A794979487942A95FB
:10FE1000D2F74090910750909207609093077090AE
:10FE200094076B017C01C420D520E620F720809147
:10FE3000950790919607A0919707B09198078983AD
:10FE40009A83AB83BC83F0E0E0E029813A814B8167
:10FE50005C81282539254A255B2565EB77E782E912
:10FE60009CE20E94E6C5DC01CB018B5F944BA94A62
:10FE7000B3458C019D014CE1369527951795079563
:10FE80004A95D1F70C5F1F4F9C01AD0104C05695F8
:10FE90004795379527950A95D2F7282739274A2776
:10FEA0005B2769ED72EF8EE890E10E94E6C58B0159
:10FEB0009C0156E136952795179507955A95D1F7E8
:10FEC000DC01CB0180279127A227B327842195212C
:10FED000A621B7218C259D25AE25BF25319675011C
:10FEE0006401E430F10521F50D8004C0880F991FED
:10FEF000AA1FBB1F0A94D2F7BC01CD01682979293A
:10FF00008A299B290F900F900F900F900F90DF91EF
:10FF1000CF911F910F91FF90EF90DF90CF90BF9006
:10FF2000AF909F908F907F906F905F904F900895CB
:10FF30004C015D018ACF4F925F926F927F928F92B8
:10FF40009F92AF92BF92CF92DF92EF92FF920F9368
:10FF50001F93CF93DF9300D01F921F92CDB7DEB7D0
:10FF600020918D072D834B015C0104C0B694A794AA
:10FF7000979487942A95D2F74090910750909207D2
:10FF800060909307709094076B017C01C420D5208A
:10FF9000E620F7208091950790919607A09197070A
:10FFA000B091980789839A83AB83BC83F0E0E0E04B
:10FFB00029813A814B815C812C253D254E255F2589
:10FFC00065EB77E782E99CE20E94E6C5DC01CB01A4
:10FFD0008B5F944BA94AB3458C019D014CE136954A
:10FFE0002795179507954A95D1F70C5F1F4F9C01F0
:10FFF000AD0104C056954795379527950A95D2F7D8
:020000021000EC
:10000000282739274A275B2769ED72EF8EE890E1B0
:100010000E94E6C58B019C0156E136952795179500
:1000200007955A95D1F7DC01CB0180279127A227AC
:10003000B32784219521A621B721BC01CD016825D4
:1000400079258A259B25319646015701E430F10533
:1000500011F50D8004C0CC0CDD1CEE1CFF1C0A94B5
:10006000D2F76C297D298E299F290F900F900F9030
:100070000F900F90DF91CF911F910F91FF90EF9014
:10008000DF90CF90BF90AF909F908F907F906F90B8
:100090005F904F9008956B017C018ACFCF93DF93DF
:1000A000CDB7DEB764970FB6F894DEBF0FBECDBFF5
:1000B000FE01359620E1DF011D922A95E9F729E03E
:1000C00029839B838A838DE08C8381E08D836F837A
:1000D000CE0101960E94907B64960FB6F894DEBF25
:1000E0000FBECDBFDF91CF910895CF93DF93CDB7F2
:1000F000DEB764970FB6F894DEBF0FBECDBF4115D3
:10010000510559F40E944E8064960FB6F894DEBFF4
:100110000FBECDBFDF91CF910895FE01359620E14E
:10012000DF011D922A95E9F72BE029839B838A83BF
:100130008BE18C8381E08D836F8388875A87498721
:10014000CE0101960E94907BDFCFCF93DF93CDB796
:10015000DEB764970FB6F894DEBF0FBECDBFFE01C9
:10016000339622E1DF011D922A95E9F729E02983E0
:100170009B838A8388E08D837D876C87CE0101967F
:100180000E94907B64960FB6F894DEBF0FBECDBF81
:10019000DF91CF910895CF93DF93CDB7DEB764970A
:1001A0000FB6F894DEBF0FBECDBFFE01359620E13D
:1001B000DF011D922A95E9F728E029839B838A8332
:1001C00083E08C8384E08D83CE0101960E94907B36
:1001D00064960FB6F894DEBF0FBECDBFDF91CF910E
:1001E00008959F92AF92BF92CF92DF92EF92FF92CB
:1001F0000F931F93CF93DF93CDB7DEB764970FB6FE
:10020000F894DEBF0FBECDBFE0918B07F0918C0755
:10021000329779F510160CF400E00A3B0CF40AEB67
:100220005901942E7B016C01002E000C110BB801BA
:100230000E94A580B801C7010E94A58080E1FE014F
:100240003596DF01982F1D929A95E9F78983DB8215
:10025000CA828AE18C8381E08D838F8388878F8730
:10026000FD86EC869E86B98AA88ACE0101960E94F8
:10027000907B64960FB6F894DEBF0FBECDBFDF91C2
:10028000CF911F910F91FF90EF90DF90CF90BF9093
:10029000AF909F9008950F931F93CF93DF93CDB7A7
:1002A000DEB764970FB6F894DEBF0FBECDBF2091C6
:1002B0008B0730918C072230310571F52091890729
:1002C00030918A072D36310538F116160CF460E0AE
:1002D0006A3B0CF46AEB8C01062E000C770B86E46B
:1002E00091E00E94A580FE0135968EE0DF011D920F
:1002F0008A95E9F78AE0898386E491E09B838A8383
:1003000083E08C8388E08D8381E08A8B1C8B0B8B50
:10031000CE0101960E94907B64960FB6F894DEBFE2
:100320000FBECDBFDF91CF911F910F910895209106
:100330008B0730918C07215031092330310560F44F
:1003400016160CF460E06A3B0CF46AEB062E000C07
:10035000770B20E00C941E7D089581EA97E00E94BF
:100360005C09E1EAF7E0A289B3898C918F7E8C93D6
:10037000A289B3898C91877F8C93A289B3898C9150
:100380008F778C93A289B3898C918F7D8C93828D8A
:10039000818F08950F931F93CF93DF9380911B0F4D
:1003A00090911C0F892B09F4DBC0CFEFDFEF11E038
:1003B00003E080911B0F90911C0FDC01ED91FC91EB
:1003C0000084F185E02D1995892B09F4C9C080912D
:1003D0001B0F90911C0FDC01ED91FC910284F385C1
:1003E000E02D199590913E0F911105C0803FA9F520
:1003F00010933E0FDECF913041F48A3A21F482E02F
:1004000080933E0FD6CF80E0FBCF923099F4803FAF
:1004100021F08A3A11F0853529F410923E0F10929E
:100420003F0FC7CF8132C8F7815080933F0F0093B1
:100430003E0FBFCF20913F0F921778F4E92FF0E0E5
:10044000E65EF04F8083803F41F38A3A31F3853591
:1004500021F39F5F90933E0FACCF20913F0F9213FB
:10046000A8CF8535D1F680911D0F843809F446C098
:10047000A0F4813809F466C0823879F680911E0FA5
:1004800080933D0F80911F0F9091200F90935D0FEF
:1004900080935C0F1093630FC0CF8538E1F08638EE
:1004A00009F0BBCF80911E0F80933D0F20911F0F4D
:1004B0003091200F30935D0F20935C0F993040F006
:1004C0008091210F9091220F90935F0F80935E0F88
:1004D0001093640FA2CF80911E0F90911F0F9093E5
:1004E000610F8093600F81E09091200F911101C006
:1004F00080E08093650F1092660F8FCF8091200F60
:100500008E3008F08ACF20911E0F30911F0F2F5F81
:100510003F4F90E04091210F880F991F41110CC06F
:10052000FC01E55EF04F85A196A12817390709F077
:1005300074CFD6A3C5A371CF855E904FFC0136A3BF
:1005400025A36BCF84E1EEE1FFE0A7E6BFE00190D9
:100550000D928A95E1F710927B0F1093620F5DCF99
:10056000DF91CF911F910F910895CF93DF93CDB776
:10057000DEB764970FB6F894DEBF0FBECDBFCE01D5
:10058000019624E1FC0111922A95E9F725E02983DF
:1005900024E02D830E94907B64960FB6F894DEBF12
:1005A0000FBECDBFDF91CF910895CF93DF93CDB72D
:1005B000DEB764970FB6F894DEBF0FBECDBFFE0165
:1005C000339622E1DF011D922A95E9F727E029837E
:1005D0009B838A8385E08D83CE0101960E94907B68
:1005E00064960FB6F894DEBF0FBECDBFDF91CF91FA
:1005F0000895EF92FF920F931F93CF93DF9300D054
:1006000000D000D0CDB7DEB78C01862FF801118263
:10061000108213821282158214824AE09E012F5F9B
:100620003F4F7901B90190E00E941FC4F70101908A
:100630000020E9F73197AF014E195F09B701C801F2
:100640000E94640A29960FB6F894DEBF0FBECDBF94
:10065000DF91CF911F910F91FF90EF90089582E16C
:1006600090E00E948F5983E190E00E948F5984E1CD
:1006700090E00E948F5985E190E00E948F5986E1B9
:1006800090E00C948F59FC019EEF8081899F080EA9
:1006900080E0811D80838181899F080E80E0811D1B
:1006A00081838281899F080E80E0811D82831124CD
:1006B000CF0108958091561990915519981771F0AE
:1006C000811108C081E080934D1910925519109244
:1006D00056190895813019F480935519089583307F
:1006E00089F7FACF20915019281701F190914D19EF
:1006F000923011F481111AC090915519992311F07B
:10070000811114C0EFEFE80FE73050F4F0E0E95B3F
:10071000FC4F9081992321F030915219932331F0AD
:10072000209351198093501981E0089580E0089535
:10073000CF93DF93282F30E0F901EC52F04F8491F2
:10074000F901E257F04FD491F901E85BF04FC49101
:10075000CC23A1F081110E94297BEC2FF0E0EE0F59
:10076000FF1FE25DF04FA591B491EC91ED2381E084
:1007700090E009F480E0DF91CF91089580E090E06F
:10078000FACF1F93CF93DF93282F30E0F901EC527B
:10079000F04F8491F901E257F04FD491F901E85BF1
:1007A000F04FC491CC23A9F0162F81110E94297B10
:1007B000EC2FF0E0EE0FFF1FEC5EF04FA591B4912F
:1007C0008FB7F894EC91111108C0D095DE23DC931B
:1007D0008FBFDF91CF911F910895DE2BF8CFCF937C
:1007E000DF9390E0FC01E257F04F2491885B904F3B
:1007F000FC0184918823C9F090E0880F991FFC01C7
:10080000E650F14FA591B491FC01EC5EF04FC5911B
:10081000D49161110DC09FB7F8948C9120958223DB
:100820008C938881282328839FBFDF91CF910895DF
:10083000623051F49FB7F8943C91822F80958323C6
:100840008C93E8812E2BEFCF8FB7F894EC912E2B61
:100850002C938FBFEACFCF93DF93EC0161E08DE261
:100860000E94EF83209731F460E08DE2DF91CF9119
:100870000C94C183CF3FD10511F461E0F6CFE1E0E4
:10088000F0E1E491E150E23108F0B2C0F0E08827F5
:10089000E35BFB478F4F0C942AC65F8466846B84AE
:1008A00075847F84F884898491849984A384AD8439
:1008B000B784C684D084F884DA84E484EE8484B572
:1008C000806884BDC7BDDF91CF91089584B58062F3
:1008D00084BDC8BDF8CF809180008068809380007F
:1008E000D0938900C0938800EECF80918000806211
:1008F00080938000D0938B00C0938A00E4CF8091D6
:100900008000886080938000D0938D00C0938C001D
:10091000DACF8091B00080688093B000C093B300BC
:10092000D2CF8091B00080628093B000C093B400B9
:10093000CACF80919000806880939000D0939900F6
:10094000C0939800C0CF8091900080628093900007
:10095000D0939B00C0939A00B6CF8091900088609E
:1009600080939000D0939D00C0939C00ACCF809169
:10097000A00080688093A0008091A0008F7B80936E
:10098000A000D093A900C093A8009DCF8091A000A3
:1009900080628093A000D093AB00C093AA0093CF55
:1009A0008091A00088608093A000D093AD00C09398
:1009B000AC0089CF80912001806880932001D09382
:1009C0002901C09328017FCF80912001806280930C
:1009D0002001D0932B01C0932A0175CF8091200173
:1009E000886080932001D0932D01C0932C016BCFA0
:1009F000C038D1050CF041CF37CF3FB7F894809184
:100A00005A1990915B19A0915C19B0915D1926B5A6
:100A1000A89B05C02F3F19F00196A11DB11D3FBF36
:100A2000BA2FA92F982F8827BC01CD01620F711D05
:100A3000811D911D42E0660F771F881F991F4A95FF
:100A4000D1F70895CF92DF92EF92FF920F931F9309
:100A5000CF93DF93EB019091DE0E21E02093880786
:100A600090935E191092870710928607682F8BE18A
:100A70009AE00E9455146D2F8BE19AE00E94551464
:100A80006C2F8BE19AE00E945514D091860781E08B
:100A9000D13208F09CC0C0915E190E94FD846B01A8
:100AA0007C018091600781116CC082E080936007B7
:100AB00081E080935F078FEF80935E0710925D0760
:100AC000D0935C07A6E6B7E0ECE3F7E080E0D8134C
:100AD00093C010923B0780913B07CC0FC82BC0936B
:100AE0003B0780913A07813009F08AC010923A079B
:100AF0000E94FD846B017C0180913B078093BB00C9
:100B00008091620790916307A0916407B091650797
:100B1000892B8A2B8B2BA1F00E94FD840091620708
:100B20001091630720916407309165076C197D0966
:100B30008E099F09061717072807390708F442C0CE
:100B40008091BC0083FDD8CF85EC8093BC000E94CF
:100B5000FD846B017C0180916007823009F452C0F2
:100B600080915E078F3F09F46FC080915E078032ED
:100B700009F46CC080915E07803309F469C084E099
:100B800026C08091620790916307A0916407B0919D
:100B90006507892B8A2B8B2B09F483CF0E94FD8458
:100BA00000916207109163072091640730916507F7
:100BB0006C197D098E099F09061717072807390741
:100BC00008F06FCF809161070E94B82085E01092F5
:100BD00087071092860710928807EFE9FFE03197A8
:100BE000F1F700C00000DF91CF911F910F91FF90AE
:100BF000EF90DF90CF9008959D9191938F5F67CF95
:100C000085EEA3CF8091620790916307A09164075E
:100C1000B0916507892B8A2B8B2B09F49CCF0E94FE
:100C2000FD84009162071091630720916407309161
:100C300065076C197D098E099F0906171707280794
:100C4000390708F088CFBECF80E0C1CF82E0BFCFA8
:100C500083E0BDCF8F929F92AF92BF92CF92DF92EF
:100C6000EF92FF92CF93DF938DEC9CECACECBDE365
:100C70008093DF0E9093E00EA093E10EB093E20E0E
:100C8000D0E0C0E0C12CDD24D39480E8E82E88E3D6
:100C9000F82EC701B6010E9444C7C530D10509F03E
:100CA00052C06F5F7F4F90E080E00E944EC420E012
:100CB00030E543EC57E40E94D2C66093E30E709394
:100CC000E40E8093E50E9093E60E8090E30E9090F4
:100CD000E40EA090E50EB090E60E2DEC3CEC4CEC52
:100CE0005DE3C501B4010E94AFC49B01AC016CEA95
:100CF00075EC87E29DE30E94D2C60E9444C76B0157
:100D00007093EE0E6093ED0E20E030E040EA51E487
:100D1000C501B4010E94AFC46093E70E7093E80E62
:100D20008093E90E9093EA0EB60185E090E0DF91A2
:100D3000CF91FF90EF90DF90CF90BF90AF909F90BA
:100D40008F900C942285219620E030E040E251E41F
:100D5000C701B6010E94AFC46B017C0120E030E006
:100D6000A9010E94B2C718160CF493CFC092E30EEB
:100D7000D092E40EE092E50EF092E60EA6CFCF926E
:100D8000DF92EF92FF920F931F93CF93DF9370E068
:100D900060E00E942285C091DE0E0E94FD846B01FE
:100DA0007C0180916007811165C081E080936007BC
:100DB00080935F079FEF90935E0710925D0780938B
:100DC0005C0780933B0780913B07CC0FC82BC093F7
:100DD0003B0780913A07813009F08CC010923A07A6
:100DE0000E94FD846B017C0180913B078093BB00D6
:100DF0008091620790916307A0916407B0916507A5
:100E0000892B8A2B8B2BA1F00E94FD840091620715
:100E10001091630720916407309165076C197D0973
:100E20008E099F09061717072807390708F443C0DA
:100E30008091BC0083FDD8CF85EC8093BC000E94DC
:100E4000FD846B017C0180916007813009F454C0FE
:100E500080915D07823008F071C080915D07ACE33E
:100E6000B7E0EAE1F7E090E0981751F12D91219376
:100E70009F5FFACF8091620790916307A09164070A
:100E8000B0916507892B8A2B8B2B09F48ACF0E949E
:100E9000FD840091620710916307209164073091EF
:100EA00065076C197D098E099F0906171707280722
:100EB000390708F076CF809161070E94B82080E062
:100EC00010921907809318078BE19AE00E940E1484
:100ED000D82F80E0C82F8BE19AE00E940E148C2B53
:100EE0009D2BDF91CF911F910F91FF90EF90DF909D
:100EF000CF90089585EEA1CF80916207909163070E
:100F0000A0916407B0916507892B8A2B8B2B09F47C
:100F10009ACF0E94FD84009162071091630720918F
:100F20006407309165076C197D098E099F090617C2
:100F300017072807390708F086CFBDCF82E08FCF8B
:100F40008F929F92AF92BF92CF92DF92EF92FF92D9
:100F50004B015C010E94FD846B017C010E94FD84B9
:100F60006C197D098E099F09683E734081059105C2
:100F7000A8F321E0821A9108A108B10888EEC80EF2
:100F800083E0D81EE11CF11C81149104A104B1047A
:100F900029F7FF90EF90DF90CF90BF90AF909F9098
:100FA0008F9008952FB7F8946091140770911507EA
:100FB00080911607909117072FBF0895AF92BF92A7
:100FC000CF92DF92EF92FF920F931F93CF93DF9315
:100FD000D82E80912A0A90912B0AA0912C0AB091C8
:100FE0002D0A892B8A2B8B2BD9F00E94FD8400912E
:100FF0008B1910918C1920918D1930918E19601BCD
:10100000710B820B930B00912A0A10912B0A2091ED
:101010002C0A30912D0A6017710782079307C8F2D6
:101020000E94FD8460938B1970938C1980938D19A5
:1010300090938E19E091320AF091330A309759F06B
:1010400040912E0A50912F0A6091300A7091310A16
:101050008D2D1995D82EC0919F07D091A0078BE6B2
:10106000E82E89E1F82E8701209749F189E10B38B4
:10107000180729F18D858823F1F0E881F981A28490
:10108000B3840680F781E02DCE011995BC01CE0115
:10109000F5011995F801918380838091280A909138
:1010A000290A8436910508F41C860C80DD81C02D48
:1010B0000E5F1F4FD9CFF80111821082EECFC09181
:1010C0009F07D091A00700E110E02097A9F08D853F
:1010D000882361F04E855F856A817B81E881F98193
:1010E0000280F381E02D2D2DCE0119950C80DD813C
:1010F000C02D0150110949F7C0919F07D091A00759
:101100002097C9F0FBE8EF16F9E1FF06A1F08D8505
:10111000882351F0F70160817181E881F9810484AD
:10112000F585E02DCE0119950C80DD81C02DF2E012
:10113000EF0EF11CE5CF8091691990916A19EC01CD
:101140002196D0936A19C09369194997E4F10E94D6
:10115000D287009165191091661920916719309115
:1011600068196B017C01C01AD10AE20AF30AA701CF
:101170009601211531054105510521F421E030E0AA
:1011800040E050E088EE93E0C89FB001C99F700D29
:10119000D89F700D1124072E000C880B990B0E940C
:1011A000B5C53093290A2093280A10926A19109223
:1011B00069190E94D28760936519709366198093AC
:1011C000671990936819DF91CF911F910F91FF904C
:1011D000EF90DF90CF90BF90AF9008951F920F9245
:1011E0000FB60F9211242F933F938F939F93AF933A
:1011F000BF938091140790911507A0911607B091A5
:1012000017073091591923E0230F2D3758F5019610
:10121000A11DB11D209359198093140790931507B0
:10122000A0931607B093170780915A1990915B19F4
:10123000A0915C19B0915D190196A11DB11D80931B
:101240005A1990935B19A0935C19B0935D19BF91E3
:10125000AF919F918F913F912F910F900FBE0F9063
:101260001F90189526E8230F0296A11DB11DD2CF1D
:10127000CF93DF93CDB7DEB7A7970FB6F894DEBF55
:101280000FBECDBF789484B5826084BD84B5816083
:1012900084BD85B5826085BD85B5816085BD809141
:1012A0006E00816080936E001092810080918100B9
:1012B00082608093810080918100816080938100B1
:1012C000809180008160809380008091B100846073
:1012D0008093B1008091B00081608093B0008091D4
:1012E0009100826080939100809191008160809351
:1012F0009100809190008160809390008091A10086
:1013000082608093A1008091A10081608093A10000
:101310008091A00081608093A00080912101826073
:10132000809321018091210181608093210180912E
:10133000200181608093200180917A0084608093F5
:101340007A0080917A00826080937A0080917A009E
:10135000816080937A0080917A00806880937A001F
:101360001092C1000E94BC2C22242394312C9E0197
:101370002D5F3F4F3AA329A380918B0790918C0753
:101380000197039710F40E94CA8184E39AE00E94B7
:10139000621F882321F11091420C112301F18091E9
:1013A000F90F882391F08091FE04882311F40C94A6
:1013B0008CBA4091F10F5091F20F6091F30F709140
:1013C000F40F81EF9FE00E943123123011F40C944E
:1013D00018AB08F042C0113011F40C9495BA80910A
:1013E000FE04882311F40C94E8BA81EF9FE00E9478
:1013F0000123882311F40C9487AB1092FE04109201
:10140000FD0410927A058EE40E94D3248091EF04AB
:10141000882321F00E94BF290E94FD268091EC04C0
:1014200081110E94F1250E949B590E942F83809177
:10143000F60481110E9411628091F40481110E94CE
:101440004C5F81E080934D191092551910925619F6
:101450008FE7809352190C94E8BA143011F40C946D
:1014600068AB153009F0BBCF8091FE04882311F4DE
:101470000C94E8BAA2E3BBE0E7E2F2E08D9181933D
:1014800042E0EC33F407D1F76AEE78E0CE01019642
:101490000E948D0ACE0101960E94850A86E50E946F
:1014A000D1469DCF0E949B590E942F830E94A63453
:1014B00096CF1092FD0481E08093FE048DE40E949B
:1014C000D3248DCF68ED78E0CE0101960E948D0A7D
:1014D000CE0101960E94850A1092FD0481E080935E
:1014E000FE0440E45FE160E070E081EF9FE00E9475
:1014F00031238DE40E94D32480910404811109C01A
:101500008091E803811105C070E060E082E50E94EF
:10151000CE488091FF04882309F461CF82E70E94BE
:10152000A2345DCF81E080937A058091FB04909195
:10153000FC04019739F08091FF030E94AE5A82E3C8
:101540000E94D32485E00E94D32449CF10927A05CB
:101550008091FB049091FC04892B41F031E0C3168B
:10156000D10421F4D092F904C092F80486E00E94DC
:10157000D32482E10E94D3248091EC04882309F4CF
:101580002ECF8091EF0F81112ACF0E94F12527CF16
:1015900082E0809357198BE30E94D32420CF81E00F
:1015A000809357198CE30E94D32419CFC09252190B
:1015B000B60177278DE00E94AD2411CF84E091E041
:1015C0000E948F5985E091E00E948F59EE24E394A8
:1015D00010E000E020E04091F20E60E084E091E055
:1015E0000E94D759FCCE85E091E00E948F5984E09B
:1015F00091E00E948F59EE24E39410E000E020E097
:101600004091F20E60E085E091E00E94D759E7CE6C
:1016100087E391E00E948F5988E391E00E948F59FF
:10162000EE24E39410E000E020E04091F20E60E050
:1016300088E391E00E94D759D2CE87E391E00E94DF
:101640008F5988E391E00E948F59EE24E39410E0D3
:1016500000E020E04091F20E60E087E391E00E941C
:10166000D759BDCE80911D028823E1F088E990E032
:101670000E948F5987E990E00E948F59EE24E394ED
:1016800010E000E020E04091F20E60E088E990E098
:101690000E94D75910921D0280E40E94A2340E9439
:1016A000E9249DCE88E990E00E948F5987E990E077
:1016B0000E948F59EE24E39410E000E020E0409176
:1016C000F20E60E087E990E00E94D75981E08093B4
:1016D0001D0281E4E2CF85E990E00E948F59EE245B
:1016E000E39410E000E020E04091F20E60E085E934
:1016F00090E00E94D75973CE86E990E00E948F59FE
:10170000EE24E39410E000E020E04091F20E60E06F
:1017100086E990E00E94D75962CE8091F60481114B
:101720005ECE4091F20E4451EE24E39410E000E0CE
:1017300020E060E086E190E00E94D75950CE809191
:10174000F60481114CCE0E942F8390915319409141
:10175000F20E80915019923009F440C088F4913013
:1017600019F1823009F07AC04852EE24E39410E077
:1017700000E020E061E086E190E00E94D7592FCEA2
:10178000933009F445C0943061F7823009F05AC0B3
:101790004852EE24E39410E000E020E061E085E1AF
:1017A00090E00E94D7591BCE823061F44852EE245B
:1017B000E39410E000E020E061E082E190E00E942C
:1017C000D7590DCE4451EE24E39410E000E020E020
:1017D00061E082E190E00E94D75901CE823061F44D
:1017E0004852EE24E39410E000E020E061E083E161
:1017F00090E00E94D759F3CD4451EE24E39410E0D9
:1018000000E020E061E083E190E00E94D759E7CD5D
:10181000823061F44852EE24E39410E000E020E0CE
:1018200061E084E190E00E94D759D9CD4451EE2483
:10183000E39410E000E020E061E084E190E00E94A9
:10184000D759CDCD4451EE24E39410E000E020E0E0
:1018500061E085E190E00E94D759C1CD4451EE246A
:10186000E39410E000E020E061E086E190E00E9477
:10187000D759B5CD0E942F83B2CD0E941524AFCD8C
:1018800080E490E00E948F59EE24E39410E000E0A1
:1018900020E04091F20E60E080E490E00E94D75991
:1018A0009ECD8BEF90E00E948F59EE24E39410E0E0
:1018B00000E020E04091F20E60E08BEF90E00E94AB
:1018C000D7598DCD8BEF90E00E948F5988CD8CEF4A
:1018D00090E00E948F5983CD8CEF90E00E948F5949
:1018E000EE24E39410E000E020E04091F20E60E08E
:1018F0008CEF90E00E94D75972CDE12C10E000E00F
:1019000020E04091F20E60E084E490E00E94D7591C
:1019100066CDE12C10E000E020E04091F20E60E0A6
:1019200083E490E00E94D75920E04091F20E60E0FD
:101930008FE390E00E94D75952CD81E190E00E9460
:101940008F59EE24E39410E000E020E04091F20E85
:1019500060E081E190E00E94D75941CD8EE591E0B1
:101960000E948F59EE24E39410E000E020E04091C3
:10197000F20E60E08EE591E00E94D75930CD8CE404
:1019800091E00E948F5989E491E00E948F59EE24E2
:10199000E39410E000E020E04091F20E60E089E482
:1019A00091E00E94D7591BCD8CE491E00E948F59A1
:1019B000EE24E39410E000E020E04091F20E60E0BD
:1019C0008CE491E00E94D7590ACD8CE491E00E940A
:1019D0008F598DE491E00E948F59EE24E39410E03A
:1019E00000E020E04091F20E60E08DE491E00E9482
:1019F000D759F5CC8DE891E00E948F59EE24E394FD
:101A000010E000E020E04091F20E60E08DE891E00F
:101A10000E94D759E4CC81EB90E00E948F59EE24CC
:101A2000E39410E000E020E04091F20E60E081EBF2
:101A300090E00E94D759D3CC86E991E00E948F595B
:101A4000EE24E39410E000E020E04091F20E60E02C
:101A500086E991E00E94D759C2CC8FE890E00E94BD
:101A60008F5983E990E00E948F5980E990E00E94AD
:101A70008F59B5CC0E949B5920918B0730918C07D0
:101A80004091F20E8091501922303105C1F582301B
:101A900011F408ED05C08091E9040CEE8111F9CF35
:101AA000040F25E030E041E06EE870E08DE890E062
:101AB0000E94F1806BC1EE24E39410E000E020E08E
:101AC0004091F20E61E080E190E00E94D75940E33E
:101AD00055E760E070E08BEA9FE00E9431237FCC05
:101AE00089EB91E00E948F59EE24E39410E000E02E
:101AF00020E04091F20E61E089EB91E0E6CF823088
:101B000061F44852EE24E39410E000E020E060E04D
:101B10008DE890E00E94D75962CC8091E904882337
:101B200061F04852EE24E39410E000E020E060E031
:101B30008DE890E00E94D75952CC4451EE24E394B2
:101B400010E000E020E060E08DE890E00E94D759CE
:101B500046CC80918B0790918C07029709F08EC03C
:101B60000091F20E80915019823009F049C008525C
:101B700025E030E041E060E970E08FE890E00E940D
:101B8000F1808091F503882309F454C08091B30F4C
:101B9000811148C080914F19843009F4A6C0853066
:101BA00009F040C085E991E00E948F598091501959
:101BB000823009F0ACC04091F20E4852EE24E3941A
:101BC00010E000E020E061E085E991E00E94D75953
:101BD0008091E904882331F18091F403882309F48A
:101BE0003EC08AEB91E00E948F59EE24E39410E00E
:101BF00000E020E04091F20E61E08AEB91E010C03D
:101C00008091E9048111B3CF0451B2CFEE24E39463
:101C100010E000E020E04091F20E61E080E190E011
:101C20000E94D75940E355E760E070E08BEA9FE0FF
:101C30000E9431238DE890E00E948F598EE890E059
:101C40000E948F5981E990E00E948F5982E990E0CB
:101C50000E948F5984E990E00E948F59C0CB89EB94
:101C600091E00E948F59EE24E39410E000E020E020
:101C70004091F20E61E089EB91E0D2CF8FE890E0E5
:101C80000E948F59809150194091F20E823061F478
:101C90004852EE24E39410E000E020E060E08FE89A
:101CA00090E00E94D759C6CF8091E9048111F0CF0E
:101CB0004451EFCF80918B0790918C07029779F573
:101CC0000091F20E80915019823049F4085225E0BB
:101CD00030E041E060E970E083E990E050CF80912E
:101CE000E9048111F3CF0451F2CF80E190E00E942A
:101CF0008F5980915019823009F088CF4091F20EAF
:101D00004852EE24E39410E000E020E086CFEE2479
:101D1000E39410E000E020E04091F20E54CF83E91C
:101D200090E00E948F59809150194091F20E8230BC
:101D300051F44852EE24E39410E000E020E060E02B
:101D400083E990E0AECF8091E9048111F2CF445154
:101D5000F1CF80918B0790918C07029709F43FCBCC
:101D60008EE890E00E948F59809150194091F20EB8
:101D7000823009F04BC04852EE24E39410E000E0BA
:101D800020E061E08EE890E00E94D7598091F50351
:101D9000882309F424CB8091B30F811198CE8091D0
:101DA0004F19843009F474C0853009F090CE85E96C
:101DB00091E00E948F5980915019823009F07AC0C9
:101DC0004091F20E4852EE24E39410E000E020E04F
:101DD00061E085E991E00E94D7598091E904882368
:101DE00009F475CE8091F403882309F479CE8AEB47
:101DF00091E00E948F59EE24E39410E000E020E08F
:101E00004091F20E61E08AEB91E05FCE8091E904AF
:101E10008111B1CF4451B0CF80918B0790918C0745
:101E2000029709F4DCCA80E990E00E948F59809102
:101E300050194091F20E823051F44852EE24E3944E
:101E400010E000E020E061E080E990E09DCF80912B
:101E5000E9048111F2CF4451F1CF80918B07909129
:101E60008C07029779F50091F20E8091501982301B
:101E700049F4085225E030E041E06EE870E082E984
:101E800090E016CE8091E9048111F3CF0451F2CF96
:101E900080E190E00E948F5980915019823009F0C2
:101EA0000ACE4091F20E4852EE24E39410E000E096
:101EB00020E008CEEE24E39410E000E020E0409122
:101EC000F20E86CF82E990E00E948F5980915019DE
:101ED0004091F20E823061F44852EE24E39410E017
:101EE00000E020E060E082E990E00E94D75977CAE4
:101EF0008091E904882361F04852EE24E39410E0D5
:101F000000E020E060E082E990E00E94D75967CAD3
:101F10004451EE24E39410E000E020E060E082E928
:101F200090E00E94D7595BCA84E990E00E948F59E3
:101F3000809150194091F20E823061F44852EE24A3
:101F4000E39410E000E020E060E084E990E00E948B
:101F5000D75945CA8091E904882361F04852EE249C
:101F6000E39410E000E020E060E084E990E00E946B
:101F7000D75935CA4451EE24E39410E000E020E044
:101F800060E084E990E00E94D75929CA81E990E095
:101F90000E948F59809150194091F20E823061F465
:101FA0004852EE24E39410E000E020E060E081E994
:101FB00090E00E94D75913CA8091E904882361F008
:101FC0004852EE24E39410E000E020E060E081E974
:101FD00090E00E94D75903CA4451EE24E39410E0E4
:101FE00000E020E060E081E990E00E94D759F7C965
:101FF0000E949B59F4C94091F20E80918302E12C1A
:1020000010E000E020E060E08823B9F08BE991E087
:102010000E94D75980915819823009F0E0C9809107
:102020002502882309F4DBC94EE551E060E070E049
:102030008CE390E10E943123D2C985E791E0E8CF9B
:10204000E12C10E000E020E04091F20E60E08AE533
:1020500091E00E94D75980915819823009F0BFC988
:1020600080912502882309F4BAC94CE251E060E06E
:1020700070E08CE390E10E943123B1C9E12C10E0C3
:1020800000E020E04091F20E60E089E591E00E94DE
:10209000D759A5C9E12C10E000E020E04091F20EF4
:1020A00060E08BE591E00E94D75980915819823009
:1020B00009F095C980912502882309F490C948EC5C
:1020C00050E060E070E08CE390E10E94312387C92A
:1020D0008091890790918A078D36910508F07FC914
:1020E000E12C10E000E020E04091F20E60E086E498
:1020F00091E00E94D75973C99091EF0481E0CA948E
:10210000CD2869F48093FE03992331F09091E70381
:10211000911102C08093E7030E94052760C9809354
:10212000E6039923C9F39091E5039111F5CF8093CC
:10213000E503F2CF8091EF04882309F450C90E948F
:10214000BF290E94FD264BC9C6010E94E72B47C943
:1021500080914F19853009F442C90E94C359EE2479
:10216000E39404EC19E021E04091F20E61E08BE68B
:1021700091E00E94D75933C90E94F12530C98C2DB6
:102180000E947283882309F42AC96091501970E073
:102190008EE00E94AD2480915019833039F48091F3
:1021A000890790918A078D369105C0F08091511969
:1021B0008330C1F0809150198034E9F4EE24E39427
:1021C00010E000E020E04091F20E60E088E290E054
:1021D0000E94D75981E08093E40301C981E00E9405
:1021E0006454E8CF8091890790918A078D369105D4
:1021F00008F780E0F4CF8091E403882371F0EE24A7
:10220000E39410E000E020E04091F20E60E088E20C
:1022100090E00E94D7591092E403809151190E94D6
:10222000176382E390E00E948F5987E390E00E9459
:102230008F5987E491E00E948F598091FB0490911F
:10224000FC04019709F09BC08091F503882319F1E4
:1022500080914F19833009F43AC0853009F467C082
:10226000823009F043C08CE791E00E948F59EE2440
:10227000E39410E000E020E04091F20E61E08CE792
:1022800091E00E94D75940E355E760E070E08BEAA7
:102290009FE00E943123E0915019E83008F06DC0B2
:1022A000F0E0EE24E39410E000E020E04091F20E34
:1022B00060E08827E15AFE468F4F0C942AC6B991F8
:1022C000E191EE91FB91B99108920B92B99186E25E
:1022D00090E00E948F59EE24E39410E000E020E0AB
:1022E0004091F20E61E086E290E0CBCF80E190E099
:1022F0000E948F5980915019823089F44091F20EDA
:102300004852EE24E39410E000E020E061E080E138
:1023100090E00E94D7598FE60E94A234B4CFEE24F9
:10232000E39410E000E020E04091F20EEFCF85E969
:1023300091E00E948F5980915019823091F4409120
:10234000F20E4852EE24E39410E000E020E061E059
:1023500085E991E00E94D7590E941F51811193CFC6
:10236000DACFEE24E39410E000E020E04091F20E9A
:10237000EECF86E090E00E94D7590E94C054809131
:102380001E02882351F080915019823021F40E945E
:10239000DA610E946A510E94D85E8091F00388231E
:1023A00061F08091FB049091FC04019731F481E08D
:1023B0008093E30380E00E94366C0E94EA6D0C94E7
:1023C000EF8985E490E00E94D75900ED17E021E005
:1023D0004091F20E61E087E390E0CDCF80E390E0A2
:1023E0000E94D7590CEB12E021E04091F20E61E01F
:1023F00082E390E0C0CF86E490E00E94D75902EEDD
:1024000014E021E04091F20E61E087E491E0B3CF67
:1024100087E991E0B0CF88E991E0ADCF51E0C516F2
:10242000D10489F082E0C816D104B9F081E080932C
:102430004D191092551910925619B6018CE50E944B
:10244000AD240C94EF8981E08093551980914D194A
:10245000813099F780935619F0CF83E08093551916
:1024600090914D19913049F7F5CF8DEA91E00E9496
:102470008F598CEA91E00E948F59EE24E39410E08A
:1024800000E020E04091F20E60E08CEA91E00E94D2
:10249000D7590C94EF898BEA91E00E948F598AEA10
:1024A00091E00E948F59EE24E39410E000E020E0D8
:1024B0004091F20E60E08BEA91E00E94D7590C94B3
:1024C000EF898BEA91E00E948F598AEA91E00E949D
:1024D0008F59EE24E39410E000E020E04091F20EEA
:1024E00060E08AEA91E00E94D7590C94EF898091CC
:1024F0001A0290911B02009709F1019709F44FC04D
:1025000010921B0210921A0281E991E00E948F59E9
:1025100082E991E00E948F5988E791E00E948F59EB
:10252000EE24E39410E000E020E04091F20E60E041
:1025300088E791E00E94D75988E61DC030921B02BF
:1025400020921A0281E991E00E948F5982E991E07C
:102550000E948F5988E791E00E948F59EE24E394FE
:1025600010E000E020E04091F20E60E081E991E0AF
:102570000E94D75989E60E94A2340E94FB240E943F
:1025800008250E9496628091F404882311F40C942B
:10259000EF890E944C5F0E944D630C94EF89A2E08A
:1025A000B0E0B0931B02A0931A0281E991E00E946F
:1025B0008F5982E991E00E948F5988E791E00E944B
:1025C0008F59EE24E39410E000E020E04091F20EF9
:1025D00060E082E991E00E94D7598AE6CCCF8091F1
:1025E0001F0291E0892780931F028823F9F084EF6E
:1025F00091E0909392028093910280EA91E00E9490
:102600008F5981EA91E00E948F59EE24E39410E003
:1026100000E020E04091F20E60E081EA91E00E944B
:10262000D7598FE30E94A2340C94EF898CE291E099
:10263000909392028093910280EA91E00E948F59D8
:1026400081EA91E00E948F59EE24E39410E000E0CB
:1026500020E04091F20E60E080EA91E00E94D759BC
:102660008EE30E94A2340C94EF890E94465A0C9487
:10267000EF890E946D290C94EF890E94B3290E9472
:10268000FD2686E10E94D3240C94EF8980910202FA
:102690008F5F80930202809101028F5F809301021D
:1026A000809100028F5F809300020E949A5187E11F
:1026B0000E94D3240C94EF894091F20E80914F191F
:1026C0008250EE24E39410E000E020E061E08230EC
:1026D00030F08AE691E00E94D7590C94EF898CE3A0
:1026E00090E00E94D7590C94EF8980915319809300
:1026F000541981E0809353198091EF048823B1F03D
:1027000080913010882351F0E9ECFAE04591549122
:1027100070E060E088E290E10E94312380915019DE
:10272000833021F483E191E00E940BC389E10E9490
:10273000D3240C94EF89809153198093541982E02B
:10274000809353198091EF048823B1F08091301069
:10275000882351F0EBECFAE04591549170E060E091
:1027600088E290E10E94312380915019833021F456
:1027700085EF90E00E940BC38AE10E94D3240C9461
:10278000EF89809153198093541983E080935319F2
:102790008091EF048823B1F080913010882351F0AC
:1027A000EDECFAE04591549170E060E088E290E150
:1027B0000E94312380915019833021F487ED90E0FD
:1027C0000E940BC38BE10E94D3240C94EF8980916B
:1027D00053198093541984E0809353198091EF0426
:1027E0008823B1F080913010882351F0EFECFAE0AB
:1027F0004591549170E060E088E290E10E943123BD
:1028000080915019833021F489EB90E00E940BC332
:102810008CE10E94D3240C94EF898091531980930A
:10282000541985E0809353198091EF048823B1F007
:1028300080913010882351F0E1EDFAE045915491F8
:1028400070E060E088E290E10E94312380915019AD
:10285000833021F48DE790E00E940BC38DE10E944C
:10286000D3240C94EF8981E00E9499250C94EF8980
:1028700082E00E9499250C94EF8983E00E949925BB
:102880000C94EF8984E00E9499250C94EF8985E0EF
:102890000E9499250C94EF8981E00E9441250C94B7
:1028A000EF8982E00E9441250C94EF8983E00E9429
:1028B00041250C94EF8984E00E9441250C94EF8916
:1028C00085E00E9441250C94EF8981E08093FE030E
:1028D0008091EF04882311F40C94EF898091E70331
:1028E00081110C94EF894091F20E80914F19EE24E2
:1028F000E39410E000E020E061E0823049F489E8F0
:1029000091E00E94D75981E08093E7030C94EF890E
:1029100082E690E0F6CF8091FE03882341F080911B
:102920004F19823051F489E891E00E948F5910923A
:10293000FE031092E7030C94EF8982E690E0F5CF56
:1029400081E08093E6039091EF04992311F40C94B5
:10295000EF899091E50391110C94EF898093E50341
:10296000809153198530C1F080914F19833011F552
:1029700083E690E00E948F594091F20E80914F19AA
:10298000EE24E39410E000E020E061E08230A9F45E
:1029900089E891E00E94D759EE24E39410E000E02A
:1029A00020E04091F20E61E088E490E00E94D75967
:1029B0000C94EF898EE791E0DDCF82E690E0EACFDC
:1029C0008091E603882309F188E490E00E948F5902
:1029D0008091531981508430C0F480914F19823016
:1029E000D1F489E891E00E948F594091F20E8091D4
:1029F0004F19EE24E39410E000E020E061E0833022
:102A000069F483E690E00E94D7591092E603109291
:102A1000E5030C94EF8982E690E0E5CF8FE791E043
:102A2000F2CF10928502109284021092D10F109270
:102A3000D20F80918B0790918C07039721F48AE441
:102A400090E00E948F59E12C10E000E020E04091DE
:102A5000F20E60E08AE490E00E94D75989E00E947B
:102A6000D3240C94EF893092850220928402109234
:102A7000D10F1092D20F8EE690E00E948F59E12C78
:102A800010E000E020E04091F20E60E08EE690E081
:102A90000E94D75989E00E94D3240C94EF891092A8
:102AA0008502109284021092D10F1092D20F809161
:102AB0008B0790918C07039741F489E490E00E9482
:102AC0008F598AE490E00E948F59E12C10E000E0D9
:102AD00020E04091F20E60E08AE490E00E94D75935
:102AE00089E00E94D3240C94EF89309285022092D1
:102AF00084021092D10F1092D20F8FE690E00E94C4
:102B00008F598EE690E00E948F59E12C10E000E092
:102B100020E04091F20E60E08EE690E00E94D759EE
:102B200089E00E94D3240C94EF89E2E0F0E0F09376
:102B30008502E0938402809183028823C1F00E9481
:102B4000B7C328E030E040E050E00E9483C59B011D
:102B5000AC01295F3F4F4F4F5F4FA8EEB3E00E949B
:102B6000A2C5AB01BC0189EC9FE00E94312380919A
:102B70008B0790918C07039741F48AE490E00E94C0
:102B80008F5989E490E00E948F59E12C10E000E019
:102B900020E04091F20E60E089E490E00E94D75975
:102BA0008AE00E94D3240C94EF8922E030E0309335
:102BB000850220938402809183028823C1F00E94C1
:102BC000B7C328E030E040E050E00E9483C59B019D
:102BD000AC01295F3F4F4F4F5F4FA8EEB3E00E941B
:102BE000A2C5AB01BC0189EC9FE00E9431238EE6B7
:102BF00090E00E948F598FE690E00E948F59E12C5F
:102C000010E000E020E04091F20E60E08FE690E0FE
:102C10000E94D7598AE00E94D3240C94EF8981E066
:102C20008093F6030E949F350C94EF8988E290E030
:102C30000E948F59EE24E39410E000E020E04091E0
:102C4000F20E60E088E290E00E94D75988E590E0BB
:102C50000E948F5985E690E00E948F5989E590E0A7
:102C60000E948F5920E04091F20E60E089E590E0EB
:102C70000E94D7590C94EF8988E290E00E948F5906
:102C8000EE24E39410E000E020E04091F20E60E0DA
:102C900088E290E00E94D75989E590E00E948F5920
:102CA00085E690E00E948F5988E590E00E948F5958
:102CB00020E04091F20E60E088E590E00E94D75954
:102CC0000C94EF8988E290E00E948F59EE24E394FF
:102CD00010E000E020E04091F20E60E088E290E039
:102CE0000E94D75989E590E00E948F5988E590E0CD
:102CF0000E948F5985E690E00E948F5920E0409114
:102D0000F20E60E085E690E00E94D7590C94EF89BE
:102D10008AE990E00E948F5989E990E00E948F59DA
:102D2000EE24E39410E000E020E04091F20E60E039
:102D300089E990E00E94D7590C94EF898AE990E0E4
:102D40000E948F5989E990E00E948F59EE24E39404
:102D500010E000E020E04091F20E60E08AE990E0AF
:102D60000E94D7590C94EF8980E490E00E948F591B
:102D7000EE24E39410E000E020E04091F20E60E0E9
:102D800080E490E00E94D7598CE690E00E948F5931
:102D90008AE690E00E948F598BE690E00E948F595E
:102DA0008AE491E00E948F5920E04091F20E60E0A9
:102DB0008BE690E00E94D7590C94EF8980E490E074
:102DC0000E948F59EE24E39410E000E020E040914F
:102DD000F20E60E080E490E00E94D7598CE690E02B
:102DE0000E948F598AE690E00E948F598BE690E00E
:102DF0000E948F598AE491E00E948F5920E040910F
:102E0000F20E60E08AE690E00E94D7590C94EF89B8
:102E100080E490E00E948F59EE24E39410E000E0FB
:102E200020E04091F20E60E080E490E00E94D759EB
:102E30008CE690E00E948F598AE690E00E948F59BC
:102E40008BE690E00E948F598AE491E00E948F59AE
:102E500020E04091F20E60E08CE690E00E94D759AD
:102E60000C94EF8980E490E00E948F59EE24E39463
:102E700010E000E020E04091F20E60E080E490E09D
:102E80000E94D7598CE690E00E948F598AE690E024
:102E90000E948F598BE690E00E948F598AE491E05E
:102EA0000E948F5920E04091F20E60E08AE491E0A8
:102EB0000E94D75980918C1090918D10892B29F404
:102EC00089E00E94A2340C94EF898AE00E94A23427
:102ED0000C94EF8980E490E00E948F59EE24E394F3
:102EE00010E000E020E04091F20E60E080E490E02D
:102EF0000E94D75980915819833009F453C0853006
:102F000009F480C0813051F592E090935819809374
:102F1000250288E690E00E948F5986E690E00E94A4
:102F20008F5987E690E00E948F598CE991E00E94CA
:102F30008F5920E04091F20E60E088E690E00E9418
:102F4000D75983E10E94A2344AEF50E060E070E07C
:102F50008CE390E10E9431230C94EF8983E080930D
:102F6000581988E690E00E948F5986E690E00E940A
:102F70008F5987E690E00E948F598CE991E00E947A
:102F80008F59EE24E39410E000E020E04091F20E2F
:102F900060E087E690E00E94D75982E10E94A23467
:102FA0000C94EF8985E08093581980918C10909152
:102FB0008D10892B21F581E08093250288E690E031
:102FC0000E948F5986E690E00E948F5987E690E034
:102FD0000E948F598CE991E00E948F59EE24E3946E
:102FE00010E000E020E04091F20E60E08CE991E01A
:102FF0000E94D75985E10E94A2340C94EF89109267
:103000002502DCCF81E0809358198093250288E661
:1030100090E00E948F5986E690E00E948F5987E6E3
:1030200090E00E948F598CE991E00E948F59EE2424
:10303000E39410E000E020E04091F20E60E086E6CC
:1030400090E00E94D75981E10E94A2344AEF50E0FB
:1030500060E070E08CE390E10E9431230C94EF89F2
:1030600080E490E00E948F59EE24E39410E000E0A9
:1030700020E04091F20E60E080E490E00E94D75999
:1030800080912402823009F4AEC0B8F5813009F491
:1030900076C081E0809324028093581980932502A2
:1030A00088E690E00E948F5986E690E00E948F5952
:1030B00087E690E00E948F598BE491E00E948F593F
:1030C0008CE991E00E948F59EE24E39410E000E037
:1030D00020E04091F20E60E086E690E00E94D75931
:1030E00081E10E94A2344AEF50E060E070E08CE39E
:1030F00090E10E9431230C94EF89833009F49DC044
:10310000853039F684E08093240282E08093581958
:1031100080918C1090918D10892B09F0C8C081E0AE
:103120008093250288E690E00E948F5986E690E021
:103130000E948F5987E690E00E948F598BE491E0BE
:103140000E948F598CE991E00E948F59EE24E394FC
:1031500010E000E020E04091F20E60E08BE491E0AE
:103160000E94D75984E10E94A2344AEF50E060E007
:1031700070E08CE390E10E9431230C94EF8992E09F
:1031800090932402909358198093250288E690E04A
:103190000E948F5986E690E00E948F5987E690E062
:1031A0000E948F598BE491E00E948F598CE991E045
:1031B0000E948F59EE24E39410E000E020E040915B
:1031C000F20E60E088E690E00E94D75983E10E9409
:1031D000A2344AEF50E060E070E08CE390E10E949E
:1031E00031230C94EF8983E0809324028093581953
:1031F00088E690E00E948F5986E690E00E948F5901
:1032000087E690E00E948F598BE491E00E948F59ED
:103210008CE991E00E948F59EE24E39410E000E0E5
:1032200020E04091F20E60E087E690E00E94D759DE
:1032300082E10E94A2340C94EF8985E080932402FD
:103240008093581961E08DE20E94EF8380918C1089
:1032500090918D10892B41F581E08093250288E6BD
:1032600090E00E948F5986E690E00E948F5987E691
:1032700090E00E948F598BE491E00E948F598CE975
:1032800091E00E948F59EE24E39410E000E020E0EA
:103290004091F20E60E08CE991E00E94D75985E1FF
:1032A0000E94A2340C94EF8910922502D8CF10927C
:1032B000250238CF80919702882339F11092970226
:1032C0008CE290E00E948F5985E590E00E948F5932
:1032D00084E590E00E948F59EE24E39410E000E032
:1032E00020E04091F20E60E08CE290E00E94D7591D
:1032F00020E04091F20E60E085E590E00E94D75911
:103300008FE10E94A2340C94EF8981E080939702B0
:103310008DE390E00E948F5984E590E00E948F59E0
:1033200085E590E00E948F59EE24E39410E000E0E0
:1033300020E04091F20E60E08DE390E00E94D759CA
:1033400020E04091F20E60E084E590E00E94D759C1
:1033500080E20E94A2340C94EF898091210288239C
:1033600039F11092210280E490E00E948F59EE24FE
:10337000E39410E000E020E04091F20E60E080E491
:1033800090E00E94D75986E590E00E948F5987E52A
:1033900090E00E948F5920E04091F20E60E087E5B6
:1033A00090E00E94D75981E20E94A2340C94EF89E8
:1033B00081E0809321028FE390E00E948F59EE24F8
:1033C000E39410E000E020E04091F20E60E08FE333
:1033D00090E00E94D75986E590E00E948F5987E5DA
:1033E00090E00E948F5920E04091F20E60E086E567
:1033F00090E00E94D75982E20E94A2340C94EF8997
:10340000809120028823D9F0109220028BE590E071
:103410000E948F598AE590E00E948F59EE24E39430
:1034200010E000E020E04091F20E60E08BE590E0DB
:103430000E94D75984E20E94A2340C94EF8981E063
:10344000809320028BE590E00E948F598AE590E0FE
:103450000E948F59EE24E39410E000E020E04091B8
:10346000F20E60E08AE590E00E94D75983E20E9464
:10347000A2340C94EF8980E790E00E948F5981E795
:1034800090E00E948F5982E790E00E948F5983E775
:1034900090E00E948F5990911E024091F20E80910F
:1034A000F0039923A9F08823D9F110921E021092FB
:1034B000F003EE24E39410E000E020E060E080E719
:1034C00090E00E94D75989E10E94A2340C94EF89C0
:1034D000811112C081E08093F003EE24E39410E0A8
:1034E00000E020E060E082E790E00E94D75987E1A9
:1034F0000E94A2340C94EF8981E080931E02109206
:10350000F003EE24E39410E000E020E060E083E7C5
:1035100090E00E94D75988E10E94A2340C94EF8970
:1035200081E08093F003EE24E39410E000E020E0DB
:1035300060E081E790E00E94D75986E10E94A234C2
:103540000C94EF898DE590E00E948F598CE590E016
:103550000E948F59EE24E39410E000E020E04091B7
:10356000F20E60E08DE590E00E94D7590C94EF894F
:103570008DE590E00E948F598CE590E00E948F5974
:10358000EE24E39410E000E020E04091F20E60E0D1
:103590008CE590E00E94D7590C94EF898FE390E07E
:1035A0000E948F59EE24E39410E000E020E0409167
:1035B000F20E60E08FE390E00E94D75985EF90E033
:1035C0000E948F5986EF90E00E948F5987EF90E01C
:1035D0000E948F5988EF90E00E948F5989EF90E008
:1035E0000E948F5920E04091F20E60E085EF90E05C
:1035F0000E94D7590C94EF898FE390E00E948F5975
:10360000EE24E39410E000E020E04091F20E60E050
:103610008FE390E00E94D75985EF90E00E948F5988
:1036200086EF90E00E948F5987EF90E00E948F59BB
:1036300088EF90E00E948F5989EF90E00E948F59A7
:1036400020E04091F20E60E086EF90E00E94D759B2
:103650000C94EF898FE390E00E948F59EE24E3945D
:1036600010E000E020E04091F20E60E08FE390E097
:103670000E94D75985EF90E00E948F5986EF90E025
:103680000E948F5987EF90E00E948F5988EF90E059
:103690000E948F5989EF90E00E948F5920E040915D
:1036A000F20E60E087EF90E00E94D7590C94EF890A
:1036B0008FE390E00E948F59EE24E39410E000E045
:1036C00020E04091F20E60E08FE390E00E94D75935
:1036D00085EF90E00E948F5986EF90E00E948F590D
:1036E00087EF90E00E948F5988EF90E00E948F59F9
:1036F00089EF90E00E948F5920E04091F20E60E047
:1037000088EF90E00E94D7590C94EF898FE390E006
:103710000E948F59EE24E39410E000E020E04091F5
:10372000F20E60E08FE390E00E94D75985EF90E0C1
:103730000E948F5986EF90E00E948F5987EF90E0AA
:103740000E948F5988EF90E00E948F5989EF90E096
:103750000E948F5920E04091F20E60E089EF90E0E6
:103760000E94D7590C94EF898091FD03882311F4AE
:103770000C94EF890E943B5D0C94EF898091FD03CE
:10378000882311F40C94EF890E946A5D0C94EF89F0
:103790000E949A5D0C94EF890E94C95D0C94EF8998
:1037A0000E9429248091FC0362E070E0811102C034
:1037B00061E070E08EE10E94AD248091FC0362E044
:1037C00070E0811102C061E070E086E20E94443442
:1037D0000C94EF898091E20391E089278093E203C2
:1037E00062E070E0811102C061E070E08FE10E9450
:1037F000AD248091E20362E070E0811102C061E0DB
:1038000070E087E20E9444340C94EF8990E080E0FD
:103810000E94445E8091F50E62E070E08A3B11F0F8
:1038200061E070E088E30E94AD248091F50E62E0D3
:1038300070E08A3B11F061E070E088E20E9444345D
:103840000C94EF890E945A5E0C94EF890E94875E67
:103850000C94EF898091FD03882321F00E940E587B
:103860000C94EF890E9438580C94EF898CE291E017
:103870000E948F598DE291E00E948F598EE291E073
:103880000E948F598FE291E00E948F5980E391E06E
:103890000E948F59EE24E39410E000E020E0409174
:1038A000F20E60E08CE291E00E94D7590C94EF890F
:1038B0008CE291E00E948F598DE291E00E948F5935
:1038C0008EE291E00E948F598FE291E00E948F5921
:1038D00080E391E00E948F59EE24E39410E000E031
:1038E00020E04091F20E60E08DE291E00E94D75915
:1038F0000C94EF892091F60E822F8C53990BAC011A
:103900008091F40E082E000C990B8417950711F482
:103910000C94EF898091D8028530D0F41092D802AF
:103920003091D802349FC001359F900D11246CE96D
:103930007FEF0E9416C62C53620F6093F40E6093C3
:10394000F50E6093F30E80E00E94F95D0C94EF8910
:1039500085508093D802E4CF8091F40E882311F42F
:103960000C94EF898091D802803600F184E6809330
:10397000D8022091F60EA22FAC53BB0B3091D80287
:103980003A9FC0013B9F900D11246CE97FEF0E948C
:1039900016C62C53620F6093F40E6093F50E60937D
:1039A000F30E80E00E94F95D0C94EF898B5FDFCF0E
:1039B0008CE291E00E948F598DE291E00E948F5934
:1039C0008EE291E00E948F598FE291E00E948F5920
:1039D00080E391E00E948F59EE24E39410E000E030
:1039E00020E04091F20E60E08EE291E00E94D75913
:1039F0000C94EF898CE291E00E948F598DE291E066
:103A00000E948F598EE291E00E948F598FE291E0DF
:103A10000E948F5980E391E00E948F59EE24E39435
:103A200010E000E020E04091F20E60E08FE291E0D3
:103A30000E94D7590C94EF898CE291E00E948F5933
:103A40008DE291E00E948F598EE291E00E948F59A1
:103A50008FE291E00E948F5980E391E00E948F599C
:103A6000EE24E39410E000E020E04091F20E60E0EC
:103A700080E391E00E94D7590C94EF8981E391E0B3
:103A80000E948F5982E391E00E948F5983E391E075
:103A90000E948F5984E391E00E948F5985E391E061
:103AA0000E948F59EE24E39410E000E020E0409162
:103AB000F20E60E081E391E00E94D7590C94EF8907
:103AC00081E391E00E948F5982E391E00E948F5937
:103AD00083E391E00E948F5984E391E00E948F5923
:103AE00085E391E00E948F59EE24E39410E000E01A
:103AF00020E04091F20E60E082E391E00E94D7590D
:103B00000C94EF8981E391E00E948F5982E391E068
:103B10000E948F5983E391E00E948F5984E391E0E2
:103B20000E948F5985E391E00E948F59EE24E3941F
:103B300010E000E020E04091F20E60E083E391E0CD
:103B40000E94D7590C94EF8981E391E00E948F592C
:103B500082E391E00E948F5983E391E00E948F59A4
:103B600084E391E00E948F5985E391E00E948F5990
:103B7000EE24E39410E000E020E04091F20E60E0DB
:103B800084E391E00E94D7590C94EF8981E391E09E
:103B90000E948F5982E391E00E948F5983E391E064
:103BA0000E948F5984E391E00E948F5985E391E050
:103BB0000E948F59EE24E39410E000E020E0409151
:103BC000F20E60E085E391E00E94D7590C94EF89F2
:103BD00086E391E00E948F59EE24E39410E000E028
:103BE00020E04091F20E60E086E391E00E94D75918
:103BF0000C94EF89809183028823D9F0109283027C
:103C00008CE790E00E948F598DE790E00E948F59D9
:103C1000EE24E39410E000E020E04091F20E60E03A
:103C20008DE790E00E94D7598FE20E94A2340C9455
:103C3000EF8981E0809383028CE790E00E948F59A6
:103C40008DE790E00E948F59EE24E39410E000E0AD
:103C500020E04091F20E60E08CE790E00E94D7599E
:103C60008EE20E94A2340C94EF8981E191E00E94DF
:103C70008F5985E191E00E948F5983E191E00E9484
:103C80008F59EE24E39410E000E020E04091F20E22
:103C900060E081E191E00E94D7590C94EF8983E1C3
:103CA00091E00E948F5981E191E00E948F5985E156
:103CB00091E00E948F59EE24E39410E000E020E0B0
:103CC0004091F20E60E083E191E00E94D7590C949C
:103CD000EF8985E191E00E948F5983E191E00E9494
:103CE0008F5981E191E00E948F59EE24E39410E016
:103CF00000E020E04091F20E60E085E191E00E945A
:103D0000D7590C94EF8980914D19823021F581E0CB
:103D100080934D190E945A8386E191E00E948F5949
:103D200087E191E00E948F59EE24E39410E000E0D7
:103D300020E04091F20E60E086E191E00E94D759C8
:103D400080E60E94A2348AE40E94A2348DE30E949D
:103D5000D3240C94EF8982E080934D1910924E1970
:103D60001092501980915519811103C081E0809300
:103D7000551987E191E00E948F5986E191E00E94F8
:103D80008F59EE24E39410E000E020E04091F20E21
:103D900060E087E191E00E94D75981E60E94A23459
:103DA0008BE40E94A2348EE30E94D3240C94EF890A
:103DB0000E944D630C94EF890E944C5F0C94EF8934
:103DC0009091D0028091D102923048F08E3F38F02D
:103DD00091509093D0020E944D630C94EF8991E032
:103DE0009093D002823020F081508093D102F3CFA3
:103DF0009093D102F0CF9091D2028091D302923071
:103E000030F08E3F20F091509093D202E4CF91E0B9
:103E10009093D202823020F081508093D302DBCF86
:103E20009093D302D8CF9091D4028091D502923052
:103E300030F08E3F20F091509093D402CCCF91E09F
:103E40009093D402823020F081508093D502C3CF6A
:103E50009093D502C0CF8091D5028E3F10F48F5F32
:103E6000F4CF8091D4028D3F20F48F5F8093D402F1
:103E7000B2CF8EEFFBCF8091D3028E3F10F48F5FD5
:103E8000CCCF8091D2028D3F20F48F5F8093D202FD
:103E9000A2CF8EEF8093D202C0CF8091D1028E3F0D
:103EA00010F48F5FA2CF8091D0028D3F20F48F5FFE
:103EB0008093D00290CF8EEF8093D00296CF8091E6
:103EC0000105823051F1833009F44BC0813009F093
:103ED0006BC082E08093010589E790E00E948F59D2
:103EE0008AE790E00E948F598BE790E00E948F59FB
:103EF0008AE791E00E948F59EE24E39410E000E0FD
:103F000020E04091F20E60E08BE790E00E94D759EC
:103F10008BE20E94A2340C94EF8983E08093010528
:103F200089E790E00E948F598AE790E00E948F59BC
:103F30008BE790E00E948F598AE791E00E948F59A9
:103F4000EE24E39410E000E020E04091F20E60E007
:103F50008AE791E00E94D7598CE20E94A2340C9427
:103F6000EF891092010589E790E00E948F598AE756
:103F700090E00E948F598BE790E00E948F598AE76A
:103F800091E00E948F59EE24E39410E000E020E0DD
:103F90004091F20E60E089E790E00E94D75989E2F3
:103FA0000E94A2340C94EF8981E08093010589E797
:103FB00090E00E948F598AE790E00E948F598BE72A
:103FC00090E00E948F598AE791E00E948F59EE2479
:103FD000E39410E000E020E04091F20E60E08AE718
:103FE00090E00E94D7598AE20E94A2340C94EF8993
:103FF000809101058230D1F1833009F457C08130BE
:1040000009F074C0809122028436F0F48036D0F03A
:1040100084E6809322020E94DA618DE20E94A2343B
:104020008FE390E00E948F59EE24E39410E000E0CB
:1040300020E04091F20E60E08FE390E00E94D759BB
:104040000C94EF898B5FE5CF80E490E00E948F595C
:10405000EE24E39410E000E020E04091F20E60E0F6
:1040600080E490E00E94D7590C94EF898091180267
:10407000843650F78036C0F084E6809318028DE2D3
:104080000E94A2348FE390E00E948F59EE24E394C3
:1040900010E000E020E04091F20E60E08FE390E05D
:1040A0000E94D7590C94EF898B5FE7CF80911C0257
:1040B000843650F68036C0F084E680931C028DE290
:1040C0000E94A2348FE390E00E948F59EE24E39483
:1040D00010E000E020E04091F20E60E08FE390E01D
:1040E0000E94D7590C94EF898B5FE7CF809115021E
:1040F000843608F0A9CF8036D8F084E68093150284
:1041000080E00E94366C8DE20E94A2348FE390E042
:104110000E948F59EE24E39410E000E020E04091EB
:10412000F20E60E08FE390E00E94D7590C94EF8983
:104130008B5FE4CF80910105823049F1833009F42F
:1041400047C0813009F065C080912202853108F4B2
:104150007BCF8931D0F484E1809322020E94DA611E
:104160008DE20E94A2348FE390E00E948F59EE24EA
:10417000E39410E000E020E04091F20E60E08FE375
:1041800090E00E94D7590C94EF898550E5CF80913B
:104190001802853108F458CF8931C0F484E1809346
:1041A00018028DE20E94A2348FE390E00E948F59A2
:1041B000EE24E39410E000E020E04091F20E60E095
:1041C0008FE390E00E94D7590C94EF898550E7CF98
:1041D00080911C02853108F437CF8931C0F484E125
:1041E00080931C028DE20E94A2348FE390E00E9433
:1041F0008F59EE24E39410E000E020E04091F20EAD
:1042000060E08FE390E00E94D7590C94EF898550CD
:10421000E7CF80911502853108F416CF8931D8F4A3
:1042200084E18093150280E00E94366C8DE20E944A
:10423000A2348FE390E00E948F59EE24E39410E0C3
:1042400000E020E04091F20E60E08FE390E00E94F9
:10425000D7590C94EF898550E4CF992311F40C942D
:10426000E8BA8BE890E00E948F59EE24E39410E0C6
:1042700000E020E04091F20E60E08BE890E00E94C8
:10428000D7590E948D530C94EF89992311F40C9403
:10429000E8BA8CE890E00E948F59EE24E39410E095
:1042A00000E020E04091F20E60E08CE890E00E9497
:1042B000D7590E9453520C94EF89992311F40C940E
:1042C000E8BA8BE890E00E948F59EE24E39410E066
:1042D00000E020E04091F20E60E08BE890E00E9468
:1042E000D7590E9445540C94EF89992311F40C94EA
:1042F000E8BA8CE890E00E948F59EE24E39410E035
:1043000000E020E04091F20E60E08CE890E00E9436
:10431000D7590E94AC530C94EF8985E891E00E9434
:104320008F5985E890E00E948F5986E891E00E94BD
:104330008F5986E890E00E948F5987E890E00E94AC
:104340008F5988E890E00E948F5980911902883136
:1043500009F46AC0E0F48C30A9F1873109F44DC04A
:1043600084E28093190289E08093050286E08093BD
:104370000402EE24E39410E000E020E04091F20E0D
:1043800060E085E891E00E94D7598CE330C08A3123
:1043900009F461C0843221F78CE0809319029FE018
:1043A0009093050280930402EE24E39410E000E071
:1043B00020E04091F20E60E088E890E00E94D7593A
:1043C0008DE315C097E1909319028093050289E06F
:1043D00080930402EE24E39410E000E020E040919A
:1043E000F20E60E087E890E00E94D75988E30E94CF
:1043F000A2340E9408250C94C39288E1809319028C
:104400008CE08093050289E080930402EE24E3941B
:1044100010E000E020E04091F20E60E086E890E0DD
:104420000E94D75989E3E3CF8AE1809319028CE097
:104430008093050289E080930402EE24E39410E067
:1044400000E020E04091F20E60E086E891E00E94FA
:10445000D7598AE3CCCF83E28093190289E0809315
:10446000050286E080930402EE24E39410E000E06D
:1044700020E04091F20E60E085E890E00E94D7597C
:104480008BE3B5CF80E890E00E948F5981E890E0FF
:104490000E948F598091E1028F30B9F08FE08093B4
:1044A000E10288E28093030287E28093DF02EE2438
:1044B000E39410E000E020E04091F20E60E080E83C
:1044C00090E00E94D75986E392CF8DE08093E1027D
:1044D0008EE2809303028DE28093DF02EE24E39468
:1044E00010E000E020E04091F20E60E081E890E012
:1044F0000E94D75987E37BCF82E890E00E948F59D2
:1045000080E591E00E948F5983E890E00E948F59E6
:1045100084E890E00E948F598091E002843109F490
:1045200044C08832A9F08C3069F588E28093E002BB
:104530000E94DA61EE24E39410E000E020E0409174
:10454000F20E60E082E890E00E94D75982E312C048
:1045500084E28093E0020E94DA61EE24E39410E0AA
:1045600000E020E04091F20E60E080E591E00E94E2
:10457000D75983E30E94A2340E9408250E94E924AF
:104580000C94C39284E18093E0020E94DA61EE24ED
:10459000E39410E000E020E04091F20E60E083E858
:1045A00090E00E94D75984E3E5CF8CE08093E0024D
:1045B0000E94DA61EE24E39410E000E020E04091F4
:1045C000F20E60E084E890E00E94D75985E3D2CFF4
:1045D00089E890E00E948F598AE890E00E948F5904
:1045E0008091F1038130C1F41092F103EE24E39441
:1045F00010E000E020E04091F20E60E089E890E0F9
:104600000E94D75980E30E94A2348091F404882349
:1046100011F40C94EF89DFCB81E08093F103EE2459
:10462000E39410E000E020E04091F20E60E08AE8C0
:1046300090E00E94D75981E3E6CF84E490E00E94A5
:104640008F59EE24E39410E000E020E04091F20E58
:1046500060E084E490E00E94D75984EF90E00E94EB
:104660008F5920E04091F20E60E084EF90E00E94CC
:10467000D7590C94EF8984E490E00E948F59EE247E
:10468000E39410E000E020E04091F20E60E084E46A
:1046900090E00E94D75983EF90E00E948F5920E06C
:1046A0004091F20E60E083EF90E00E94D7590C94A5
:1046B000EF898CE990E00E948F598DE990E00E948B
:1046C0008F59EE24E39410E000E020E04091F20ED8
:1046D00060E08DE990E00E94D7590C94EF898CE955
:1046E00090E00E948F598DE990E00E948F59EE244E
:1046F000E39410E000E020E04091F20E60E08CE9ED
:1047000090E00E94D7590C94EF8980EB90E00E94D2
:104710008F598FEA90E00E948F59EE24E39410E0C5
:1047200000E020E04091F20E60E080EB90E00E941B
:10473000D7590C94EF898FEA90E00E948F5980EB53
:1047400090E00E948F59EE24E39410E000E020E016
:104750004091F20E60E08FEA90E00E94D7590C94ED
:10476000EF898091FF048823D9F01092FF0480E143
:1047700091E00E948F598FE091E00E948F59EE24C2
:10478000E39410E000E020E04091F20E60E080E170
:1047900091E00E94D75985E50E94A2340C94EF89DC
:1047A00081E08093FF048FE091E00E948F5980E1C7
:1047B00091E00E948F59EE24E39410E000E020E0A5
:1047C0004091F20E60E08FE091E00E94D75984E5BD
:1047D0000E94A2340C94EF8988E191E00E948F59E5
:1047E0008DE191E00E948F59EE24E39410E000E007
:1047F00020E04091F20E60E088E191E00E94D759FC
:104800000C94EF8989E191E00E948F598EE191E04B
:104810000E948F59EE24E39410E000E020E04091E4
:10482000F20E60E089E191E00E94D7590C94EF8983
:104830008AE191E00E948F598FE191E00E948F59A7
:10484000EE24E39410E000E020E04091F20E60E0FE
:104850008AE191E00E94D7590C94EF898BE191E0B5
:104860000E948F5980E291E00E948F59EE24E394D8
:1048700010E000E020E04091F20E60E08BE191E07A
:104880000E94D7590C94EF898CE191E00E948F59D6
:1048900081E291E00E948F59EE24E39410E000E061
:1048A00020E04091F20E60E08CE191E00E94D75947
:1048B0000C94EF898DE191E00E948F5988E191E09D
:1048C0000E948F59EE24E39410E000E020E0409134
:1048D000F20E60E08DE191E00E94D7590C94EF89CF
:1048E0008EE191E00E948F5989E191E00E948F59F9
:1048F000EE24E39410E000E020E04091F20E60E04E
:104900008EE191E00E94D7590C94EF898FE191E0FC
:104910000E948F598AE191E00E948F59EE24E3941E
:1049200010E000E020E04091F20E60E08FE191E0C5
:104930000E94D7590C94EF8980E291E00E948F5930
:104940008BE191E00E948F59EE24E39410E000E0A7
:1049500020E04091F20E60E080E291E00E94D759A1
:104960000C94EF8981E291E00E948F598CE191E0F3
:104970000E948F59EE24E39410E000E020E0409183
:10498000F20E60E081E291E00E94D7590C94EF8929
:104990008091D9028823E9F01092D90287E291E050
:1049A0000E948F5982E291E00E948F59EE24E39495
:1049B00010E000E020E04091F20E60E087E291E03C
:1049C0000E94D7598BE50E94A2340E94D7240C94F0
:1049D000EF8981E08093D90282E291E00E948F59B1
:1049E00087E291E00E948F59EE24E39410E000E00A
:1049F00020E04091F20E60E082E291E00E94D759FF
:104A000086E5E1CF8091DA028823C1F01092DA02C4
:104A100088E291E00E948F5983E291E00E948F59D1
:104A2000EE24E39410E000E020E04091F20E60E01C
:104A300088E291E00E94D7598CE5C5CF81E0809350
:104A4000DA0283E291E00E948F5988E291E00E94AD
:104A50008F59EE24E39410E000E020E04091F20E44
:104A600060E083E291E00E94D75987E5ACCF809166
:104A7000DB028823C1F01092DB0289E291E00E9400
:104A80008F5984E291E00E948F59EE24E39410E064
:104A900000E020E04091F20E60E089E291E00E94A7
:104AA000D7598DE590CF81E08093DB0284E291E0DD
:104AB0000E948F5989E291E00E948F59EE24E3947D
:104AC00010E000E020E04091F20E60E084E291E02E
:104AD0000E94D75988E577CF8091DC028823C1F006
:104AE0001092DC028AE291E00E948F5985E291E007
:104AF0000E948F59EE24E39410E000E020E0409102
:104B0000F20E60E08AE291E00E94D7598EE55BCF19
:104B100081E08093DC0285E291E00E948F598AE275
:104B200091E00E948F59EE24E39410E000E020E031
:104B30004091F20E60E085E291E00E94D75989E54C
:104B400042CF8091DD028823C1F01092DD028BE21A
:104B500091E00E948F5986E291E00E948F59EE24E5
:104B6000E39410E000E020E04091F20E60E08BE280
:104B700091E00E94D7598FE526CF81E08093DD0236
:104B800086E291E00E948F598BE291E00E948F595A
:104B9000EE24E39410E000E020E04091F20E60E0AB
:104BA00086E291E00E94D7598AE50DCF87EA91E02D
:104BB0000E948F598CEA90E00E948F598DEA90E014
:104BC0000E948F598EEA90E00E948F59EE24E39460
:104BD00010E000E020E04091F20E60E087EA91E012
:104BE0000E94D7590C94EF8987EA91E00E948F596F
:104BF0008CEA90E00E948F598DEA90E00E948F59D4
:104C00008EEA90E00E948F59EE24E39410E000E0D9
:104C100020E04091F20E60E08CEA90E00E94D759CB
:104C20000C94EF8987EA91E00E948F598CEA90E01A
:104C30000E948F598DEA90E00E948F598EEA90E091
:104C40000E948F59EE24E39410E000E020E04091B0
:104C5000F20E60E08DEA90E00E94D7590C94EF8943
:104C600087EA91E00E948F598CEA90E00E948F5968
:104C70008DEA90E00E948F598EEA90E00E948F5951
:104C8000EE24E39410E000E020E04091F20E60E0BA
:104C90008EEA90E00E94D7590C94EF898091160219
:104CA0008823D9F01092160289E991E00E948F5969
:104CB0008AE991E00E948F59EE24E39410E000E02D
:104CC00020E04091F20E60E089E991E00E94D7591E
:104CD0008BE60E94A2340C94EF8981E08093160247
:104CE0008AE991E00E948F5989E991E00E948F59E9
:104CF000EE24E39410E000E020E04091F20E60E04A
:104D00008AE991E00E94D7598CE60E94A2340C9463
:104D1000EF8985EA91E00E948F5986EA91E00E942E
:104D20008F59EE24E39410E000E020E04091F20E71
:104D300060E086EA91E00E94D7590C94EF8985EAF9
:104D400091E00E948F5986EA91E00E948F59EE24EB
:104D5000E39410E000E020E04091F20E60E085EA8C
:104D600091E00E94D7590C94EF898EE990E00E945F
:104D70008F598FE990E00E948F59EE24E39410E060
:104D800000E020E04091F20E60E08FE990E00E94A8
:104D9000D7590C94EF898EE990E00E948F598FE9E2
:104DA00090E00E948F59EE24E39410E000E020E0B0
:104DB0004091F20E60E08EE990E00E94D7590C9489
:104DC000EF898BEB91E00E948F598CEB91E00E9470
:104DD0008F59EE24E39410E000E020E04091F20EC1
:104DE00060E08CEB91E00E94D7590C94EF898BEB3B
:104DF00091E00E948F598CEB91E00E948F59EE2434
:104E0000E39410E000E020E04091F20E60E08BEBD4
:104E100091E00E94D7590C94EF898EE991E00E94AD
:104E20008F598FE991E00E948F59EE24E39410E0AE
:104E300000E020E04091F20E60E08EE991E00E94F7
:104E4000D7590C94EF898EE991E00E948F598FE930
:104E500091E00E948F59EE24E39410E000E020E0FE
:104E60004091F20E60E08FE991E00E94D7590C94D6
:104E7000EF8980EA90E00E948F5981EA90E00E94D9
:104E80008F59EE24E39410E000E020E04091F20E10
:104E900060E080EA90E00E94D7590C94EF8981EAA3
:104EA00090E00E948F5980EA90E00E948F59EE2492
:104EB000E39410E000E020E04091F20E60E081EA2F
:104EC00090E00E94D7590C94EF8988E091E00E940D
:104ED0008F5989E091E00E948F598AE091E00E9409
:104EE0008F59EE24E39410E000E020E04091F20EB0
:104EF00060E088E091E00E94D7590C94EF8988E047
:104F000091E00E948F5989E091E00E948F598AE0D8
:104F100091E00E948F59EE24E39410E000E020E03D
:104F20004091F20E60E089E091E00E94D7590C9424
:104F3000EF8988E091E00E948F598AE091E00E9419
:104F40008F5989E091E00E948F59EE24E39410E09C
:104F500000E020E04091F20E60E08AE091E00E94E3
:104F6000D7590C94EF898BE091E00E948F598DE026
:104F700091E00E948F598CE091E00E948F59EE24BD
:104F8000E39410E000E020E04091F20E60E08BE05E
:104F900091E00E94D7590C94EF898DE091E00E9436
:104FA0008F598CE091E00E948F598BE091E00E9434
:104FB0008F59EE24E39410E000E020E04091F20EDF
:104FC00060E08CE091E00E94D7590C94EF898DE06D
:104FD00091E00E948F598CE091E00E948F598BE004
:104FE00091E00E948F59EE24E39410E000E020E06D
:104FF0004091F20E60E08DE091E00E94D7590C9450
:10500000EF898FEF90E00E948F5980E091E00E943D
:105010008F598EE091E00E948F5982E091E00E94CA
:105020008F5981E091E00E948F59EE24E39410E0C3
:1050300000E020E04091F20E60E08FEF90E00E94EF
:10504000D7590C94EF898FEF90E00E948F5980E040
:1050500091E00E948F598EE091E00E948F5982E08A
:1050600091E00E948F5981E091E00E948F59EE24D7
:10507000E39410E000E020E04091F20E60E080E078
:1050800091E00E94D7590C94EF898EE091E00E9444
:105090008F5982E091E00E948F5981E091E00E9457
:1050A0008F598FEF90E00E948F5980E091E00E942D
:1050B0008F59EE24E39410E000E020E04091F20EDE
:1050C00060E081E091E00E94D7590C94EF898FEF66
:1050D00090E00E948F5980E091E00E948F598EE00D
:1050E00091E00E948F5982E091E00E948F5981E007
:1050F00091E00E948F59EE24E39410E000E020E05C
:105100004091F20E60E082E091E00E94D7590C9449
:10511000EF898EE091E00E948F5982E091E00E9439
:105120008F5981E091E00E948F598FEF90E00E94AB
:105130008F5980E091E00E948F59EE24E39410E0B3
:1051400000E020E04091F20E60E08EE091E00E94ED
:10515000D7590C94EF89809186028823D9F0109258
:10516000860285EA90E00E948F5984EA90E00E94CE
:105170008F59EE24E39410E000E020E04091F20E1D
:1051800060E085EA90E00E94D75984E40E94A2344E
:105190000C94EF8981E08093860284EA90E00E947B
:1051A0008F5985EA90E00E948F59EE24E39410E035
:1051B00000E020E04091F20E60E084EA90E00E947E
:1051C000D75983E40E94A2340C94EF89809196020F
:1051D0008823D9F01092960287EA90E00E948F59B6
:1051E00086EA90E00E948F59EE24E39410E000E0FC
:1051F00020E04091F20E60E087EA90E00E94D759EB
:1052000086E40E94A2340C94EF8981E08093960298
:1052100086EA90E00E948F5987EA90E00E948F59B9
:10522000EE24E39410E000E020E04091F20E60E014
:1052300086EA90E00E94D75985E40E94A2340C943B
:10524000EF8980912E048823D9F010922E0489EAE8
:1052500090E00E948F5988EA90E00E948F59EE24D6
:10526000E39410E000E020E04091F20E60E089EA73
:1052700090E00E94D75987E40E94A2340C94EF89F1
:1052800081E080932E0488EA90E00E948F5989EA99
:1052900090E00E948F59EE24E39410E000E020E0BB
:1052A0004091F20E60E088EA90E00E94D75988E4CD
:1052B0000E94A2340C94EF898091F603882309F4AC
:1052C0004BC08091960F853009F04CC01092F603C8
:1052D00084E490E00E948F59EE24E39410E000E013
:1052E00020E04091F20E60E084E490E00E94D75903
:1052F0008AEA90E00E948F5983E091E00E948F59E2
:105300008EE590E00E948F598DE490E00E948F59C5
:105310008EE490E00E948F5920E04091F20E60E010
:105320008AEA90E00E94D75989E40E94A23481E081
:10533000809326028091F603882311F40C94EF8960
:105340008091960F833089F08530C1F0823089F4E6
:10535000809326020C94EF8981E08093F60385E028
:105360008093960F0E949F35E5CF809326020C9480
:10537000EF8984E0809326020C94EF8980932602C3
:105380000C94EF890E941E590C94EF890E94B15829
:105390000C94EF894091F20E4A50E12C10E000E0AD
:1053A00020E060E0B2E0CB16D10499F0E3E0CE1645
:1053B000D104A9F0CA94CD2831F085E790E00E948D
:1053C000D7590C94EF8986E790E00E94D7590C9446
:1053D000EF8987E790E00E94D7590C94EF8988E71E
:1053E00090E00E94D7590C94EF898CE290E00E94E3
:1053F0008F59EE24E39410E000E020E04091F20E9B
:1054000060E08CE290E00E94D7590C94EF898FEA1B
:1054100091E00E948F598EEA91E00E948F5980EBB3
:1054200091E00E948F59EE24E39410E000E020E028
:105430004091F20E60E08FEA91E00E94D7590C94FF
:10544000EF898FEA91E00E948F598EEA91E00E94E5
:105450008F5980EB91E00E948F59EE24E39410E085
:1054600000E020E04091F20E60E08EEA91E00E94C0
:10547000D7590C94EF898FEA91E00E948F598EEAF8
:1054800091E00E948F5980EB91E00E948F59EE24A9
:10549000E39410E000E020E04091F20E60E080EB49
:1054A00091E00E94D7590C94EF8982EB91E00E9421
:1054B0008F5981EB91E00E948F598091EF038823EF
:1054C000B9F01092EF03EE24E39410E000E020E046
:1054D0004091F20E60E082EB91E00E94D7598DE698
:1054E0000E94A2348091EF030E9492540C94EF89A1
:1054F00081E08093EF03EE24E39410E000E020E0ED
:105500004091F20E60E081EB91E00E94D7598EE667
:10551000E7CF84EB91E00E948F5983EB91E00E94EA
:105520008F59EE24E39410E000E020E04091F20E69
:1055300060E084EB91E00E94D7590C94EF8984EBF2
:1055400091E00E948F5983EB91E00E948F59EE24E5
:10555000E39410E000E020E04091F20E60E083EB85
:1055600091E00E94D7590C94EF89D092E103C09248
:10557000E003B6018FE40E94AD240C94EF8987EB21
:1055800091E00E948F5988EB91E00E948F598091A1
:10559000FF03882399F01092FF03EE24E39410E0B8
:1055A00000E020E04091F20E60E087EB91E00E9485
:1055B000D75980E70E94A2340C94EF8981E0809350
:1055C000FF03EE24E39410E000E020E04091F20EAF
:1055D00060E088EB91E00E94D75981E70E94A234F5
:1055E0000C94EF89860101501109033F21E0120755
:1055F00010F00C94EF89C6010196813F910510F4DB
:105600000E948F59053B110518F0C8010E948F595F
:10561000C6010E948F59EE24E39410E000E020E0E0
:105620004091F20E60E0C6010E94D7590C94EF89B8
:105630008091FE04882311F40C94E8BA9091320B07
:10564000909302056091330B609303058091340BB6
:10565000809304058091350B809305058091360B6E
:10566000809306058091370B80930705662311F41C
:105670000C94F589923011F00C94F589853011F075
:105680000C94F589CE014B960E94F98269E179E08C
:10569000CE0101960E948D0ABE016F5F7F4FCE0141
:1056A00045960E94BB0ABE01655E7F4FCE014596BE
:1056B0000E94310ACE0145960E94850ACE010196CC
:1056C0000E94850ACE014B960E94850A0C94EF89B0
:1056D0008091FE04882311F40C94E8BAA2E3BBE0A5
:1056E000ECE3F2E08D91819332E0E835F307D1F7F6
:1056F00061E079E0CE0101960E948D0ACE0101960B
:105700000E94850A85E50E94D1460C94EF8981EFBD
:105710009FE00E94BB226B017C016091F10F7091B0
:10572000F20F8091F30F9091F40F25E030E040E00C
:1057300050E00E94B5C5C216D306E406F50610F087
:105740000C94E8BA8091FD0481110C94E8BA81E0D0
:105750008093FD040E94A2340C94E8BA8DED9FE082
:105760000E94BB22AB01BC018091DD0F9091DE0F46
:10577000A091DF0FB091E00FB695A795979587950B
:10578000481759076A077B0710F00C94F8BA809104
:10579000E80381110C94F8BA81E08093E8030E9439
:1057A000D3240C94F8BA143009F46CC3153011F0FA
:1057B0000C9425BB80910404882311F40C9425BB20
:1057C000A3E5BDE0E7E2F2E08D91819322E0EC33C6
:1057D000F207D1F762E57AE0CE0101960E948D0AC8
:1057E000CE0101960E94850A60E479E0CE0101961F
:1057F0000E948D0ACE0101960E94850A40912D02D9
:1058000088EE93E0489F9001499F300D112430931A
:1058100088022093870240912E02489F9001499F61
:10582000300D112430938A022093890240912F0277
:10583000489F9001499F300D112430938C02209392
:105840008B0240913002489F9001499F300D1124F6
:1058500030938E0220938D0240913102489F900137
:10586000499F300D11243093900220938F02809134
:1058700028028093D902809129028093DA028091D4
:105880002A028093DB0280912B028093DC028091BC
:105890002C028093DD0280912702809397020E9460
:1058A000D72481E08093E90385E68093EA0384E0CE
:1058B0008093EE03EBEEF3E083E0DF011D928A9527
:1058C000E9F7E7E2F2E0A4E3BAE081918D9322E008
:1058D000EC33F207D1F785E190E09A83898345E0C4
:1058E000BE016F5F7F4F84E39AE00E94E71F8DE364
:1058F00090E00E948F59EE24E39410E000E020E055
:105900004091F20E60E08DE390E015C39091530D4D
:10591000909313056091540D609314058091550D7B
:10592000809315058091560D809316058091570D33
:1059300080931705662311F40C9425BB91110C94E8
:1059400025BB833011F00C9425BBCE014B960E94F1
:10595000F98264EA7AE0CE0101960E948D0ABE01C6
:105960006F5F7F4FCE0145960E94BB0ABE01655E08
:105970007F4FCE0145960E94310ACE0145960E9486
:10598000850ACE0101960E94850ACE014B960E949F
:10599000850A8091040481110AC0809114059FEF4B
:1059A000980F923020F0843011F00C9425BB609158
:1059B000150570911605809114050E94CE480C942F
:1059C00025BB80910404882311F40C9425BB90918D
:1059D000530D90930D056091540D60930E058091C9
:1059E000550D80930F058091560D80931005809181
:1059F000570D809311058091580D809312056623F1
:105A000011F40C9425BB91110C9425BB833011F03B
:105A10000C9425BBCE014B960E94F98269E87AE08E
:105A2000CE0101960E948D0ABE016F5F7F4FCE01AD
:105A300045960E94BB0ABE01655E7F4FCE0145962A
:105A40000E94310ACE0145960E94850ACE01019638
:105A50000E94850ACE014B960E94850A0C9425BBB4
:105A600080910404882311F40C9425BBA3E5BDE0C8
:105A7000E8E5F2E08D91819352E0E338F507D1F744
:105A800067E77AE0CE0101960E948D0ACE01019669
:105A90000E94850A6AE37AE0CE0101960E948D0A8F
:105AA000CE0101960E94850A809159028230A1F0B0
:105AB00081E080934D190E945A838AE40E94A234A7
:105AC0008DE30E94D32480915A02833081F158F5EE
:105AD000823069F181E02BC080934D1910924E19EC
:105AE0001092501980915519811103C081E0809363
:105AF00055198BE40E94A2348EE30E94D324809136
:105B0000FE048111E0CF809150198823E1F280E0FA
:105B10000E9472838823B9F26091501970E08EE080
:105B20000E94AD24D0CF843011F0853099F6809357
:105B3000260280915B02833061F1853009F442C016
:105B4000823099F580934F198093960F81E080936E
:105B5000F6038BE00E94A2348FE20E94D32480914E
:105B60005C02823009F4E9C0C8F5813009F443C011
:105B700084E08093240282E08093581980918C10F5
:105B800090918D10892B09F0DCC081E08093250273
:105B900038C080934F198093960F81E08093F6036D
:105BA0008CE00E94A2348EE2D8CF84E080934F191B
:105BB0008093960F81E08093F6038DE00E94A234DB
:105BC0008DE2CBCF80934F198093960F81E0809325
:105BD000F6038EE00E94A2348CE2BFCF833069F0DE
:105BE000853031F6809324028093581961E08DE26C
:105BF0000E94EF83C3CF8093250280932402809379
:105C000058196CE17AE0CE0101960E948D0ACE010E
:105C100001960E94850A2091F60E822F8C53990BD3
:105C2000AC0130915D02349FC001359F900D11246D
:105C30006CE97FEF0E9416C62C53620F6093F40E3E
:105C400080915E028093F5038091630280938302CA
:105C5000809164028093F4038091650280938602B0
:105C600080916702809396028091660280932E0451
:105C7000809162028093FF0480915F0280932302EF
:105C80008091600291E089278093FF0380916802F0
:105C9000843229F0883219F0843109F055C080939C
:105CA000E00266EF79E0CE0101960E948D0ACE01F6
:105CB00001960E94850A809169028093D2028091A8
:105CC0006A028093D30280916B02809322028091BA
:105CD00061028093210281E090916C02911101C0D8
:105CE00080E08093200280916D0280931F0290914A
:105CF000790290931E0290916E0290931D029091F2
:105D00006F029093F303882309F184EF91E090935D
:105D10009202809391028091710280931C02809183
:105D200070028130B1F0823009F49EC0A2E0B0E090
:105D3000B0931B02A0931A0210C091E09093250229
:105D40005CCF109225025DCF8CE0A9CF8CE291E070
:105D5000DECF10921B0210921A0260ED79E0CE01A4
:105D600001960E948D0ACE0101960E94850A8091BB
:105D7000720280931902809173028093D002809105
:105D800074028093D10280917502809318028091F1
:105D900077028093F20380917602882309F469C028
:105DA00081E08093F10380917802823009F464C02D
:105DB000833009F465C0109217026FEA79E0CE01D2
:105DC00001960E948D0ACE0101960E94850A80915B
:105DD0007A028093E10280917B0280931602809187
:105DE0007C028093D40280917D028093D5028091C1
:105DF0007E028093150280917F028093F003809150
:105E000080028093EF038EEF90E00E948F59EE2482
:105E1000E39410E000E020E04091F20E60E08EEFAD
:105E200090E00E94D75963E979E0CE0101960E9483
:105E30008D0ACE0101960E94850A8091EF030E948F
:105E400092540E94FB240E9408250E94E9240E948B
:105E500039510E94966261E779E0CE0101960E9475
:105E60008D0ACE010196F8CD30921B0220921A02C3
:105E700074CF1092F10397CF81E0809317029DCFEA
:105E800082E0FBCF80910404882311F40C9425BB9D
:105E9000A3E5BDE0ECE3F2E08D91819322E0E835EB
:105EA000F207D1F765E67AE0CE0101960E948D0AED
:105EB000CE0101960E94850A69E579E0CE0101963E
:105EC0000E948D0ACE0101960E94850A81E080938E
:105ED000E90384E68093EA0384E08093EE03EBEE2B
:105EE000F3E083E0DF011D928A95E9F7ECE3F2E04D
:105EF000A4E3BAE088E592E021912D938E179F07E5
:105F0000D9F78CE190E09A83898344E0BE016F5F0A
:105F10007F4F84E39AE00E94E71F8EEF90E00E949B
:105F20008F59EE24E39410E000E020E04091F20E5F
:105F300060E08EEF90E00E94D7590C9425BB8091D1
:105F40009D02882311F40C942FBB8091FE048111D3
:105F50000C942FBB8091FD0481110AC081EF9FE05A
:105F60000E94BB22672B682B692B11F40C942FBB6A
:105F70000E947C090C94BC891092130F1092140F8C
:105F80001092FF0E1092000F0E940E588091F9039C
:105F90009091FA0301962091F7033091F8032D5068
:105FA0003E4F2817390710F484EF91E09093FA03DD
:105FB0008093F90344EF51E060E070E081E09FE0FE
:105FC0000C949BBB80914410882311F40C9411BC59
:105FD0008091FB049091FC04892B31F486E990E0D8
:105FE0000E942B840C9411BC84EB90E0F9CF60E00C
:105FF0008CE390E00C94D1BD80917B0581111092CF
:106000007B0584ED9EE00E94442380EA9EE00E948E
:106010000123882309F441C08EE580937C008091A0
:106020007A00806480937A0080917A0086FDFCCFAC
:10603000209178003091790050E040E065EA77E601
:1060400081E190E00E9483C5CA01B9016B5F7F4F77
:106050008F4F9F4F2AE030E040E050E00E9483C520
:10606000CA01B9010E9450C460937E0E70937F0EE6
:106070008093800E9093810E6093000470930104CE
:1060800080930204909303040E9444C78AE40E9410
:10609000AD2480EA9EE00E9444238091FB0490910D
:1060A000FC04009709F4B9C1019709F4C9C28091B1
:1060B000F8049091F9048130910509F442C70297E0
:1060C00011F40C947EB90E94942452CF87E99FE08A
:1060D0000E940123811110921F05C0907505D09078
:1060E0007605E0907705F09078052AE037ED43EAF1
:1060F0005CEB6091200570912105809122059091C3
:1061000023050E9449C487FF0AC02DEC3CEC4CE0FB
:106110005FE3C701B6010E9449C487FD0AC02DECA8
:106120003CEC4CEC5DE3C701B6010E9449C487FF1B
:1061300021C080912805811116C08091F60481113B
:1061400012C08091EF04882321F00E94BF290E9491
:10615000FD268091FB049091FC04892B21F0309264
:10616000F9042092F80410927A0510927B0586E0DB
:106170000C94ADBE8091FB049091FC04892B09F432
:106180003ECF80911F0581113CCF809128059091D1
:10619000EF049111F9C0811134CF8091F60481117F
:1061A000F5C08090240590902505A0902605B0901C
:1061B00027052DE435E03EA32DA38901F8012081B8
:1061C0003181428153810C5F1F4F648175818681CB
:1061D00097810E9460C62B013C012AE037ED43E223
:1061E0005BE30E9449C418165CF429E23CE54FE8E1
:1061F0005DE3C301B2010E94B2C718160CF0A2C041
:10620000109224051092250510922605109227055C
:1062100020E030E040E251E46091240570912505D2
:1062200080912605909127050E94D2C64B015C0102
:106230008092200590922105A0922205B09223051C
:10624000109224051092250510922605109227051C
:1062500000E019E0EDA1FEA120813181428153814E
:10626000CF0104969EA38DA3648175818681978159
:106270000E9460C620E030E0A9010E9449C487FD69
:1062800078C0123109F40FA11F5F133119F725ED02
:1062900038E749EE5CE3C501B4010E94B2C71816A5
:1062A00054F42CEE31E548E35DE3C501B4010E94EE
:1062B00049C487FD18C020914D0530914E0540918D
:1062C0004F0550915005C701B6010E9460C628EBEA
:1062D0003EE145E85EE30E94B2C718160CF091CE8D
:1062E000002309F48ECE8091531990914F19933069
:1062F00009F041C0843041F08093541984E08093C8
:1063000053198CE10E94D3248091290590912A058C
:10631000A0912B05B0912C0580931B0590931C0533
:10632000A0931D05B0931E0581E08093FE0340E914
:1063300058E360E070E081EA9FE00E9431230E9410
:1063400005275FCEA3019201C501B4010E9461C679
:106350004B015C014BA15CA14017510709F02ECF06
:106360008092240590922505A0922605B0922705DB
:106370004FCF00E08CCF853039F28093541985E0FF
:10638000809353198DE1BECF81113BCE8091F604ED
:10639000811137CE20911B0530911C0540911D05C0
:1063A00050911E05C701B6010E9460C62EEA37E46F
:1063B00041EE5DE30E9449C487FD0AC02AE939E93C
:1063C00049E55FE3C701B6010E9449C487FF19CEC2
:1063D0000E94BF290E94FD2614CE80917B05882350
:1063E00009F40FCE8091FB049091FC04892B09F4F1
:1063F00008CE10927A0510927B053092F904209213
:10640000F80486E00E94D3248DE10E94D32470E03A
:1064100060E08CE40E94AD24F4CD129A8091FA04DD
:106420008530A8F080910404882379F080E50E94EB
:10643000D324EE24E39410E000E020E04091F20E3B
:1064400060E08DEA91E00E94D7591092FA048091A1
:10645000F8049091F904892B01F58BEA9FE00E94E2
:1064600001238823D1F0F090F20E0E94B7C325E0FB
:1064700030E040E050E00E9483C5FB01EE0FFF1FBB
:10648000ED52F54F85919491EE24E39410E000E0F5
:1064900020E04F2D60E00E94D7598091F404909144
:1064A000F7049923B1F09091F604911112C09091E4
:1064B000F50491110EC0882329F00E9496620E9473
:1064C0004D63F5CD0E94A43D0E94AE700E948F6C7A
:1064D000EECD8111ECCD86E199E10E940123D82E09
:1064E000882309F45AC080914F198450823008F0F3
:1064F000A0C0809150190E949750C82E811199C058
:1065000065E0E62E64E0F62E10E0D7018C9156EFA0
:10651000B52EB80E8B1530F51C92812F0E94AD5010
:10652000882351F1812F0E94AD50A0903519A80EFB
:10653000BB24BB1CF1E0AF1AB108C501880F991F3D
:10654000A80EB91E9501215D3B4F590100E020E0E6
:106550004FEF60E081E00E94AF5ED5016D937D93C7
:106560008C930AC0F701B082BB20B9F2812F0E9440
:10657000AD5081111DC0CD2C1F5FBFEFEB1AFB0A80
:10658000183219F6CC2009F454C042E350E060E020
:1065900070E086E199E10E94312380919C02811193
:1065A00086CD80911E19811182CD0E9496627FCD89
:1065B000812F0E94AD50E0913519E80FFF27FF1F92
:1065C00031979F01220F331FD901AE0FBF1FA15D6D
:1065D000BB4FCC9011960C916C2DC01608F4602F17
:1065E000D901AE0FBF1FA15DBB4F12964C9164172E
:1065F00008F4642F662309F4BECF9B2D70E080E081
:106600000E9402C6E20FF31FE15DFB4FC69EC00170
:10661000C79E900D11249083069FC001079F900D87
:1066200011249183469FC001479F900D11249283AE
:10663000A2CF10921E1910921F191092F304ADCF21
:1066400012988091F40481110E944C5F8091F204B1
:1066500081111092F2048091F704882361F08091F7
:10666000EF0F811108C01092F7041092F1041092FC
:10667000F0040E9431510E948550882309F444C0DF
:106680008091F604811140C08091F5048823E1F1E6
:1066900080914F198250823008F077C18091501953
:1066A0000E949750811102C00E94DA6140E050E0E0
:1066B000BA018AE299E10E943123409198025091F7
:1066C000990270E060E080E291E10E94312380E075
:1066D0000E944C6080E00E94CA501092F5040E9413
:1066E000315182E691E00E948F59EE24E39410E04C
:1066F00000E020E04091F20E60E082E691E00E942E
:10670000D75980E00E94AE5A8091EF04882309F4A3
:10671000E6C089EC9FE00E940123882309F466C04B
:1067200080915019811162C08091840290918502FC
:10673000029709F05BC080918302882309F456C058
:1067400080917C0590917D0511E08537910589F058
:1067500012E08837910569F013E08437910549F418
:106760000E94B7C322E030E040E050E00E9483C5C1
:10677000162F0E94B7C322E030E040E050E00E94B4
:1067800083C56E5F7F4F8F4F9F4F28EE33E0629F30
:106790006001639FD00C729FD00C1124E12C11304A
:1067A00009F40CC108F417C1123009F4F5C0133014
:1067B00009F02EC110E000E020E04091F20E60E010
:1067C00084E790E00E94D75984E790E090937D059C
:1067D00080937C0585E08C9DA0018D9D500D11243A
:1067E00070E060E089EC9FE00E9431238EE190E14F
:1067F0000E9401238823B1F01092261010922710D6
:10680000E0915319E150FF0BEE0FFF1FE753F54FD7
:106810004591549170E060E088E290E10E9431235C
:106820001092EE0488E290E10E9401238823A1F0F7
:1068300080912610811110C0E0915319E150FF0B97
:10684000EE0FFF1FE154F54F4591549170E060E069
:106850008EE190E10E94312380912610882309F473
:1068600001C180919702882309F181E00E9439508B
:106870008091EE04811117C0EE24E39410E000E053
:1068800020E04091F20E60E08DE390E00E94D75945
:1068900020E04091F20E60E082E490E00E94D7593F
:1068A00081E08093EE0481E00E94ED4F8BEF9FE04A
:1068B0000E940123882309F4C0C010920310109293
:1068C000041042E350E060E070E085E090E10E9457
:1068D000312381E00E944C6081E00E94CA50809187
:1068E000ED04882309F40EC280912E04811107C0A3
:1068F00080915019823019F081E00E94395082E372
:1069000090E10E940123882309F462C1F090F20E05
:1069100080915019823009F0B2C0EE24E39410E067
:1069200000E020E04F2D61E084E591E00E94D7591E
:1069300080915319823009F41DC108F0C1C0813023
:1069400009F4ECC04091870250918802403AEFE090
:106950005E0708F48FC25695479570E060E08FE0BF
:1069600090E10E94312380912E04811131C18091E8
:106970005019823009F42CC1109226101092271061
:106980004091870250918802EAC040919A0250914A
:106990009B0270E060E08DCE10E000E020E04091CE
:1069A000F20E60E087E790E00E94D75987E790E019
:1069B00090937D0580937C05A60112CF10E000E046
:1069C00020E04091F20E60E086E790E00E94D75907
:1069D00086E790E0EDCF10E000E020E04091F20E7D
:1069E00060E085E790E00E94D75920E04091F20EE8
:1069F00060E088E790E00E94D75988E790E09093A4
:106A00007D0580937C0548E057E060E070E0EACEC9
:106A100010E000E020E04091F20E60E085E790E0B9
:106A20000E94D75985E790E090937D0580937C057F
:106A300044EF51E060E070E0D5CE85E090E10E9447
:106A40000123882309F448CF10920D1010920E10E4
:106A500042E350E060E070E08BEF9FE00E94312362
:106A600080E038CF80E00E94395080E00E944C6086
:106A700080E00E94CA5080E00E94ED4F30CF0E941B
:106A8000B7C325E030E040E050E00E9483C5FB0141
:106A9000EE0FFF1FED52F54F85919491EE24E39494
:106AA00008E710E021E04F2D60E00E94D75908EE82
:106AB00013E021E04091F20E61E083EB90E036CFED
:106AC000833009F4A2C1843009F03CCF409189029F
:106AD00050918A02403AAFE05A0708F4C6C1569571
:106AE000479570E060E08FE090E10E943123809153
:106AF0002E0481116DC080915019823009F468C054
:106B000010922610109227104091890250918A020B
:106B1000403ABFE05B0708F49EC152C040918F022B
:106B200050919002403AEFE05E07F8F05695479595
:106B300070E060E08FE090E10E94312380912E04AC
:106B4000811146C080915019823009F441C01092E1
:106B500026101092271040918F0250919002403AD7
:106B6000FFE05F0708F477C12BC040ED57E060E01D
:106B700070E0E0CF40918D0250918E02403A2FE0BC
:106B8000520708F43DC15695479570E060E08FE0EC
:106B900090E10E94312380912E04811119C08091CF
:106BA00050198230A9F010922610109227104091AF
:106BB0008D0250918E02403A3FE0530708F44BC1DA
:106BC0005695479570E060E08EE190E10E94312398
:106BD0008EE190E10E94BB22672B682B692B31F478
:106BE00080912E04811102C00E94395080911710AB
:106BF0008823B1F180915019823091F180912E0457
:106C0000882319F081E00E94395081E00E94ED4F05
:106C10008BEF9FE00E940123882309F430C110927A
:106C200003101092041042E350E060E070E085E051
:106C300090E10E94312380918602882339F081E01F
:106C40000E944C6080918602811107C080912D04C2
:106C5000811103C081E00E944C6081E00E94CA5013
:106C60008FE090E10E940123882309F44BC083E563
:106C70000E94A23410921710109218101092261031
:106C80001092271083EB90E00E948F5984E591E0E9
:106C90000E948F5987E591E00E948F59EE24E3947A
:106CA00010E000E020E04091F20E60E088E591E025
:106CB0000E94D75980915019823009F0FAC00CED2A
:106CC00015E021E04091F20E61E082E390E00E9445
:106CD000D7591092ED0480E10E94D32480E00E94F5
:106CE000395080E00E94ED4F80E00E944C6080E0CF
:106CF0000E94CA50109203101092041010920D10AE
:106D000010920E100E94A43D87EE9FE00E94012386
:106D1000882309F4D9C00E94F1258BEA9FE00E94E4
:106D2000012381110E94B0570E94AE708091F60439
:106D3000882309F4CBCB80919602882309F4C6CB33
:106D400086E399E10E940123882309F4B0C9E09009
:106D5000EB04E7FC1CC00E2C000CFF08C701880FD9
:106D6000991FE80EF91E9701215D3B4F790100E064
:106D700020E04FEF60E080E00E94AF5ED7016D93AE
:106D80007D938C938091EB0481508093EB048091F0
:106D9000EA04882331F080E691E00E948259109243
:106DA000EA0440914019042F10E0909195028091DF
:106DB0004F198250823008F0B8C0911104C0809100
:106DC000F704882361F08AEF98E10E944311209133
:106DD000910230919202021B130B080F191F809130
:106DE000F504882329F0C801880F991F080F191F7F
:106DF000A80170E060E086E399E10E94312357C961
:106E000040ED57E060E070E0C2CE40918B025091BF
:106E10008C02403A8FE0580718F15695479570E07C
:106E200060E08FE090E10E94312380912E04811177
:106E3000CFCE80915019823009F4CACE109226101C
:106E40001092271040918B0250918C02403A9FE0A3
:106E5000590708F0B5CE40ED57E060E070E0B4CEE1
:106E600040ED57E060E070E0DCCF40ED57E060E0DF
:106E700070E039CE40ED57E060E070E070CD85E025
:106E800090E10E940123882309F4DCCE10920D10BA
:106E900010920E1042E350E060E070E08BEF9FE054
:106EA0000E94312380918602882309F4CFCE80E0AE
:106EB000C7CEEE24E39410E000E020E04091F20E13
:106EC00060E084EB90E003CF8091EC04882309F428
:106ED00024CF8091EF0F882309F41FCF6091E70F33
:106EE0007091E80F8091E90F9091EA0F0E944EC4D3
:106EF00020E030E040EC5FE30E94D2C66B017C01F1
:106F000087EE9FE00E94BB220E944EC49B01AC0111
:106F1000C701B6010E94B2C718160CF0FECE8091D0
:106F2000E1028F5F8093EB04F8CE911105C0809150
:106F3000F704882309F453CF8AEF98E10E944311A4
:106F40004CCF1092FC041092FB041092F9041092A2
:106F5000F8041092B30F1092B40F8091EC048111D9
:106F600004C08091EF0F882351F11092EC0410922D
:106F7000EF0F1092F00F80915019823031F00E9483
:106F8000B661109228191092291940E050E0BA0118
:106F900086E399E10E94312340E050E0BA018AE2A1
:106FA00099E10E94312340E050E0BA0180E291E192
:106FB0000E9431230E94C3598CE00E94D32482E6B0
:106FC00091E00E948F598BE490E00E948F598EE7E8
:106FD00090E00E948F598FE790E00E948F59809136
:106FE000EF04882309F488C00E94BF290E94FD266F
:106FF0008091FE04811104C00E949B590E942F833E
:1070000082E090E00E948F5983EB90E00E948F59BC
:1070100080915019823041F484E591E00E948F59AB
:1070200082E390E00E948F5980915019813021F4C1
:1070300087E390E00E948F5980915019833021F4AA
:1070400087E491E00E948F598091EA04882331F00F
:1070500080E691E00E948F591092EA048091F60434
:10706000882309F468C083E591E00E948F5985E583
:1070700091E00E948F5980915019823009F188E681
:1070800091E00E948F5980914F198450823020F4F2
:1070900089E691E00E948F59EE24E39410E000E02D
:1070A00020E04091F20E60E086E591E00E94D75921
:1070B00020E04091F20E60E084EB90E00E94D7590E
:1070C0008091F5048111DAC080914F19833009F461
:1070D0004AC0853009F455C0EE24E39410E000E086
:1070E00020E04091F20E60E0823009F047C083E278
:1070F00090E00E94D75969C080E00E944C6080E017
:107100000E94CA50109203101092041010920D1099
:1071100010920E1080E00E943950109230101092A0
:107120003110109226101092271080E00E94ED4F2F
:107130001092EE045DCF8091ED04882309F4C0CF56
:1071400083E591E00E948F5987E591E00E948F5975
:10715000EE24E39410E000E020E04091F20E60E0C5
:1071600088E591E0ABCFEE24E39410E000E020E06E
:107170004091F20E60E087E290E0BBCF8CE591E0B9
:10718000B8CF8091E904882309F46DC080918B0702
:1071900090918C07029709F053C00091F20E0E9463
:1071A000B7C325E030E040E050E00E9483C5FB011A
:1071B000EE0FFF1FED52F54F6591749130E020E026
:1071C00040E080E991E00E94F18080914F19833086
:1071D00009F45FC0853009F476C0823009F062C0DE
:1071E0008BE791E00E948F5962E370E08CE791E0B9
:1071F0000E94A0571092950210929402109293024E
:1072000081E08093F3048093F7048093F1048093EA
:10721000F0048093F20440E050E0BA0186E199E185
:107220000E9431236091F20470E086E00E944434B1
:107230006091F20470E083E30E94AD240C9463B08B
:107240004CE552E260E070E08BEA9FE00E9431235F
:10725000EE24E39410E000E020E04091F20E60E0C4
:1072600080E991E046CFEE24E39410E000E020E0D6
:107270004091F20E60E082EA91E03BCFEE24E3948D
:1072800010E000E020E04091F20E60E082E090E04B
:1072900030CF85E290E00E948F5962E370E086E291
:1072A00090E0A6CF81E090E00E948F5983E891E0C2
:1072B0000E948F598FE090E00E948F5962E370E046
:1072C00080E190E095CF81E090E00E948F598EE4BC
:1072D00091E00E948F598AEB91E00E948F598DE9CD
:1072E00091E00E948F5962E370E089EB91E00E9487
:1072F000A05762E370E085E991E07ACF81E00E94D7
:10730000AE5A80919D02882311F40C9463B01092C0
:107310009D020C9463B00E9455360C94B8AF823035
:1073200011F40C94528A833011F40C94628A0E94F6
:10733000A6340C94EF89E63E10F00C94EF89F0E04F
:107340008827EA55F6448F4F0C942AC6598A528AE8
:10735000628A928AA68A7C909A90A490D68ABF90DC
:10736000359339933D9346935C9375939B93C19367
:10737000E7930D9465948B94A094E09411954F95A8
:10738000959533957595D595069C0F963B9A3C96A9
:107390006296B496DE96089732976A9730985A9913
:1073A0001696AD99009AA29AB89AD09BEA9BCC9B6C
:1073B000C89BBE9BB49B2A9C229C269CCE9AFC9A7E
:1073C0002A9B589B869B5F9FF89F9AA0FA9D5DA180
:1073D00075A17CA242A28DA1E8A21DA33BA32DA171
:1073E00045A1F88F3A8DA98D2D8DA98E0C8F2D8FEB
:1073F000C68F948F5A8E6B8B7C8B328B88969E9621
:10740000E09EFB9E139F2B9F3B9F4D9FD89EDC9E33
:107410006FA359A39BA385A3D6A5F4A512A630A656
:1074200039A74FA7ABA8E6A821A95CA9C88ACF8A2B
:10743000C2A9C6A9339438943D94429447944C947D
:10744000519456945B946094DE8AF38A088B1D8B6A
:1074500065A77FA799A7B3A7CDA7E7A701A823A8EA
:1074600045A867A889A8B1A3699E359E4F9E839EB3
:10747000ECA302A418A42EA444A45AA470A486A425
:107480009CA4B2A4C8A402A537A56CA5A1A57A9C0A
:10749000AC9C369C589CD89CFA9C1C9D3E9D609D43
:1074A000829DA49DC69DE89DEF89EF89FA8C0B8D86
:1074B0001C8DBF8CD48C9D8CAE8C898C7D8C678C04
:1074C0006C8C628C518C408C3A8C3D8C9F8B8D8B5C
:1074D000A890BC90FB8F20903E904A906890779245
:1074E000E58C4EA6EF92EF89EF8935924B9261922F
:1074F000F5A907AA21AA3BAA0DA723A789A69FA69B
:10750000B5A6CBA655AA89AA9FAAB5AABFAACAA9F9
:10751000F2AA0E92E1A6F7A6123011F40C9418AB61
:1075200008F01FC4113009F053C09091320B9093B2
:1075300008056091330B609309058091340B8093AB
:107540000A058091350B80930B058091360B809353
:107550000C05662311F40C94EF89923011F00C9411
:10756000EF89853011F00C94EF89CE014B960E9483
:10757000F9826BE279E0CE0101960E948D0ABE018C
:107580006F5F7F4FCE0145960E94BB0ABE01655ECC
:107590007F4FCE0145960E94310ACE0145960E944A
:1075A000850ACE0101960E94850ACE014B960E9463
:1075B000850AC0900A05D0900B058091090590912D
:1075C000FE04EFEFE80F9111B6CEE33008F4A7CE3A
:1075D00080910404882361F08DED9FE00E940123D7
:1075E000882311F40C94AEAB1092E80310920404BB
:1075F00085E59CE00E94621F882339F11091630E9B
:10760000112319F18091E50F882381F08091040402
:10761000882361F04091DD0F5091DE0F6091DF0F04
:107620007091E00F8DED9FE00E943123133011F433
:107630000C9430AD10F00C94D3AB113011F40C94C9
:1076400086AC123011F40C94E1AC809100058823D3
:1076500009F461CE8091FF0481110C949FAF8BE0FF
:107660009FE00E940123882309F467C08091090FDD
:10767000811163C080918B0790918C0701970397CC
:1076800008F05BC040ED57E060E070E08BE09FE009
:107690000E94312380918B0790918C07019703976B
:1076A000A0F48091F9039091FA0322E1A9A1BAA173
:1076B0001D922A95E9F727E029839B838A8380E13D
:1076C0008D83CE0101960E94907B8091FD038823DB
:1076D000A1F18091FC03811130C08091FB038111E5
:1076E0002CC087EF9EE00E940123882331F1809116
:1076F0008B0790918C070197039710F00C94BCAF07
:107700002091F9033091FA038091600F9091610FFD
:107710002817390721F48091650F811106C08091E7
:10772000660F882311F40C94BCAF40E45FE160E085
:1077300070E087EF9EE00E94312381E09FE00E948D
:107740000123882371F01092090F10920A0F40ED67
:1077500057E060E070E08BE09FE00E9431230E94E0
:1077600038580E941A7280911A05880F880F8093EA
:107770001A05659B03C0826080931A05649B05C04F
:1077800080911A05816080931A0580911A058F7087
:1077900080931A05282F30E0F901E451FD4F8081D4
:1077A000882389F18091180590911905A4E0880F2C
:1077B000991FAA95E1F7822B932B9093190580933B
:1077C000180599278B32910511F04797E1F485EB65
:1077D0009FE00E94BB22672B682B692BA1F442E338
:1077E00050E060E070E085EB9FE00E9431238091E3
:1077F0001A058B3011F40E94875E80911A0587303C
:1078000011F40E945A5E80915819853051F08CE332
:1078100090E10E940123882311F40C94E2AF0E94AE
:10782000EA5084ED9EE00E940123882311F40C9419
:1078300005B08091FE0481110C94EDB18091FD049E
:1078400081110C94EDB1F9E2CF2EF5E0DF2EDCA230
:10785000CBA2EBA1FCA184819581A681B781819304
:107860009193A193B193FCA3EBA3E557F54089F75E
:1078700010922405109225051092260510922705D6
:1078800081E090E00E94BF86BC01990F880B990BA4
:107890000E9450C420E030E543EC57E40E94D2C679
:1078A0006093AA0E7093AB0E8093AC0E9093AD0EC6
:1078B00084E090E00E94BF86BC01990F880B990B71
:1078C0000E9450C49B01AC016091E30E7091E40EE4
:1078D0008091E50E9091E60E0E94AFC46093AE0ECB
:1078E0007093AF0E8093B00E9093B10E82E090E053
:1078F0000E94BF86BC0181708093F00E61FB8827D7
:1079000080F98093EF0EE3E076956795EA95E1F7CD
:1079100090E080E00E944EC42FE632E143E85BE352
:107920000E94AFC46093B20E7093B30E8093B40EF6
:107930009093B50E83E090E00E94BF86BC01990F42
:10794000880B990B0E9450C49B01AC016091E70E1B
:107950007091E80E8091E90E9091EA0E0E94AFC4FA
:107960006093BA0E7093BB0E8093BC0E9093BD0EC5
:107970002091AA0E3091AB0E4091AC0E5091AD0EFD
:107980006091B20E7091B30E8091B40E9091B50ECD
:107990000E9461C66093B60E7093B70E8093B80EC6
:1079A0009093B90E2091AE0E3091AF0E4091B00E73
:1079B0005091B10E0E94AFC44B015C018092C20E87
:1079C0009092C30EA092C40EB092C50E2DEC3CEC6A
:1079D0004CE45FE36091C60E7091C70E8091C80EB3
:1079E0009091C90E0E94AFC42B013C012DEC3CECE0
:1079F0004CE45EE3C501B4010E94AFC49B01AC013D
:107A0000C301B2010E9461C66093C60E7093C70E97
:107A10008093C80E9093C90E609375057093760598
:107A200080937705909378050E94D2874B015C0183
:107A30008091CC0E9091CD0EA091CE0EB091CF0E34
:107A4000A5019401281B390B4A0B5B0BCA01B90134
:107A50006093D00E7093D10E8093D20E9093D30E7C
:107A60000E944EC42091AE0E3091AF0E4091B00EE8
:107A70005091B10E0E94AFC420E03AEB4BE55AE4BE
:107A80000E94D2C62091BE0E3091BF0E4091C00E12
:107A90005091C10E0E9461C66093BE0E7093BF0EDE
:107AA0008093C00E9093C10E8092CC0E9092CD0E1A
:107AB000A092CE0EB092CF0E6091ED0E7091EE0EB0
:107AC00085E090E00E9422856091EB0E7091EC0EB3
:107AD00090E080E00E9422858091790590E00196F7
:107AE00064E170E00E9416C680937905892B99F4B1
:107AF00020E030E048EC52E4609175057091760525
:107B000080917705909178050E94AFC40E9444C788
:107B10008CE40E94AD24809128058823B9F081EA85
:107B20009FE00E940123882389F080914F1984509F
:107B3000823020F48AE691E00E948F591092280545
:107B40000E94BF290E94FD260E94465A8091FB0494
:107B50009091FC04892B51F480912805882331F001
:107B6000109228051092A90F1092AA0F81EA9FE0A7
:107B70000E940123882311F18091280581111EC0E4
:107B80004091F20E80914F198250EE24E39410E060
:107B900000E020E0823010F40C94F7AF61E08AE658
:107BA00091E00E94D75981E08093280544EC59E088
:107BB00060E070E081EA9FE00E94312380907105CF
:107BC00090907205A0907305B090740520916D059A
:107BD00030916E0540916F0550917005C501B4015B
:107BE0000E9460C62091240530912505409126050C
:107BF000509127050E9461C62B013C01A50194010B
:107C00006091750570917605809177059091780562
:107C10000E9460C69B01AC01C301B2010E9461C613
:107C200020E030E040E05FE30E94AFC42B013C0164
:107C30004092200550922105609222057092230502
:107C40001092240510922505109226051092270502
:107C500030917A053FA331110C9466B009E215E02A
:107C6000812C912C5401D8012D913D914D915D9124
:107C70008D01C501B4010E9461C64B015C01B5E0F4
:107C800009371B0781F710922405109225051092E1
:107C90002605109227052CEE31E548EB5DE3C30184
:107CA000B2010E94B2C71816F4F02AE037ED43E2A1
:107CB0005BE3C301B2010E94B2C7181614F00C9422
:107CC000FCAF20E030E040EA51E4C501B4010E947D
:107CD000D2C62DEC3CEC4CE45FE30E94B2C7181610
:107CE00014F00C94FCAF1092200510922105109214
:107CF000220510922305F601119211921192119210
:107D00006F010E171F07B9F711E010937A0585E090
:107D10000E94D32410931F054EEB5AE060E070E000
:107D200087E99FE00E9431238091FB049091FC043D
:107D3000019711F40C9401B08091FF030E94AE5A98
:107D400010937B05109228058DE10E94D32470E0EA
:107D500060E08EE00E94AD2482E30E94D3240C9464
:107D600001B0143011F40C9468AB153011F40C947C
:107D7000348A2ECCCF93DF93EC01198A188A1B8AA0
:107D80001A8A1F861E86198E188E0E94D2876887CF
:107D900079878A879B871C821D821E821F82188298
:107DA00019821A821B828AE090E09D878C871F8A45
:107DB0001E8A1B8E1A8E1D8A81E08C8BDF91CF91DB
:107DC0000895CF93DF93EC011F86188A1E861E8AC2
:107DD0001D8A0E94D287688779878A879B871C8241
:107DE0001D821E821F82188219821A821B828AE0DB
:107DF00090E09D878C871C8A1B8A188E1F8A1A8A9E
:107E000081E0898BDF91CF910895CF93DF93EC01CF
:107E1000862F688379831A821B821C821D821E82B0
:107E20001F82188619861B861A8662E00E94EF83DD
:107E30001D861C8681E090E09F878E8788810E9446
:107E40009883998B888B9B8B8A8B9D8B8C8B1E8ABE
:107E50001F8A188E198EDF91CF910895FC0110862C
:107E60001482158216821782118610821182128264
:107E700013820895FC01E450FE4F2EE720833196D3
:107E8000108231961082319610823196108231968E
:107E900021E820833196108231961082319611822A
:107EA000108232961182108232961082339610829E
:107EB000319610823196108231961082319610825E
:107EC0003196108231961082118212821382389676
:107ED0001082865E9D4FFC011082089585E19FE02F
:107EE0000C94850A0F931F93CF93DF931092A407EE
:107EF0001092A30748EE53E060E070E04093A507BE
:107F00005093A6076093A7077093A80783E593E0B3
:107F10009093A2078093A10725E331E03093AE0749
:107F20002093AD0724E331E03093B0072093AF07EF
:107F300020E331E03093B2072093B10721E331E031
:107F40003093B4072093B30722E331E03093B607B0
:107F50002093B50726E331E03093B8072093B707A5
:107F60001092BA071092BB071092BC071092BD077F
:107F700010924108109240084093420850934308E1
:107F8000609344087093450890933F0880933E089F
:107F900025ED30E030934B0820934A0824ED30E083
:107FA00030934D0820934C0820ED30E030934F087B
:107FB00020934E0821ED30E0309351082093500873
:107FC00022ED30E0309353082093520826ED30E044
:107FD000309355082093540810925708109258086F
:107FE0001092590810925A081092DE081092DD087B
:107FF0004093DF085093E0086093E1087093E20833
:108000009093DC088093DB082DEC30E03093E80897
:108010002093E7082CEC30E03093EA082093E9083D
:1080200028EC30E03093EC082093EB0829EC30E0AA
:108030003093EE082093ED082AEC30E03093F008FE
:108040002093EF082EEC30E03093F2082093F108F3
:108050001092F4081092F5081092F6081092F708A2
:1080600010927B0910927A0940937C0950937D0904
:1080700060937E0970937F099093790980937809C2
:1080800085EC90E0909385098093840984EC90E0DE
:10809000909387098093860980EC90E090938909FA
:1080A0008093880981EC90E090938B0980938A09F2
:1080B00082EC90E090938D0980938C0986EC90E09F
:1080C00090938F0980938E091092910910929209D2
:1080D00010929309109294098BE98093150A88E015
:1080E0008093180A80E091E09093170A8093160A13
:1080F0000E94A5C990931A0A8093190A30E020E0E3
:108100008091160A9091170A28173907E0F4C901DF
:108110006091150A70E048E050E0FC01E078FF272C
:10812000880F991FEF2B11F086279727415051098F
:10813000A1F7E091190AF0911A0AE20FF31F808368
:108140002F5F3F4FDDCF10921E0A10921D0A88EE5E
:1081500093E0A0E0B0E080931F0A9093200AA093E0
:10816000210AB093220A85E693E090931C0A80933B
:108170001B0A8FEF8093270A1092290A1092280A6F
:108180001092330A1092320A8FEF9FEFDC01809336
:108190002E0A90932F0AA093300AB093310A1092BE
:1081A0002A0A10922B0A10922C0A10922D0A81E0B2
:1081B00080934D1910924E1984E080934F191092BC
:1081C0005019109251198FE78093521985E08093CE
:1081D00053198093541910925519109256191092F0
:1081E000571983E0809358198091E1029091E00241
:1081F000890F97E0980F90934C1980934B1981E465
:1082000099E10E942EBF8091DF028093401986E39E
:1082100099E10E942EBF8091E102809335198093ED
:1082200034198AE299E10E942EBF80E299E10E940E
:108230002EBF86E199E10E942EBF8AEF98E10E944D
:10824000BABEC2E1D5E10AEF18E1CE010E94E1BE5B
:1082500069960C171D07C9F7CAE2D1E102E115E1E1
:10826000CE010E94E1BE69960C171D07C9F780E296
:1082700091E10E942EBF84E091E10E94BABE8091FC
:10828000DE0291E0980F9093031194E2980F90937F
:10829000021195E2980F90930111885C8093001170
:1082A00086EF90E10E942EBF8CEE90E10E942EBFDF
:1082B00082EE90E10E942EBF6FE170E088EC90E1C9
:1082C0000E9405BF67E170E08EEA90E10E9405BF61
:1082D00069E170E084E990E10E9405BF6BE170E024
:1082E0008AE790E10E9405BF6DE170E080E690E1D1
:1082F0000E9405BF65E270E086E490E10E9405BF40
:108300008CE390E10E942EBF82E390E10E942EBF99
:1083100088E290E10E942EBF8EE190E10E942EBF84
:108320008091DD02809319108091DC0280931A10F5
:108330008091DB0280931B108091DA0280931C10E5
:108340008091D90280931D108FE090E10E942EBF92
:1083500085E090E10E942EBF8BEF9FE00E942EBF30
:1083600089E999E10E942EBF81EF9FE00E942EBF14
:1083700087EE9FE00E942EBF8DED9FE00E942EBFF2
:1083800083ED9FE00E942EBF89EC9FE00E942EBFEC
:108390008FEB9FE00E942EBF85EB9FE00E942EBFD7
:1083A0008BEA9FE00E942EBF81EA9FE00E942EBFD1
:1083B00087E99FE00E942EBF80914F198093960F0E
:1083C0008FE899E10E942EBF6BE270E08CE79FE09E
:1083D0000E9405BF10923D0F10923E0F10923F0F6A
:1083E00010925D0F10925C0F10925F0F10925E0F53
:1083F0001092160F1092150F1092180F1092170F5F
:1084000010921A0F1092190F50E040E065E773E0E8
:1084100085E19FE00E94640A8BE09FE00E942EBFEE
:1084200081E09FE00E942EBF87EF9EE00E942EBF5A
:108430002091F60E822F8C53990BAC013091D8020B
:10844000349FC001359F900D11246CE97FEF0E948D
:1084500016C62C53620F6093F50E6093F40E609372
:10846000F30E8091D70246E4849FC001112424E6D4
:1084700030E0B9010E9416C666546093F20E8091F6
:10848000D602849FC0011124B9010E9416C6665409
:108490006093F10E80E48093DE0E1092AA0E10928B
:1084A000AB0E1092AC0E1092AD0E1092AE0E10925A
:1084B000AF0E1092B00E1092B10E1092B20E10923A
:1084C000B30E1092B40E1092B50E1092B60E10921A
:1084D000B70E1092B80E1092B90E1092BA0E1092FA
:1084E000BB0E1092BC0E1092BD0E1092BE0E1092DA
:1084F000BF0E1092C00E1092C10E1092C20E1092BA
:10850000C30E1092C40E1092C50E1092C60E109299
:10851000C70E1092C80E1092C90EC4E1D0E0D093DD
:10852000CB0EC093CA0E1092CC0E1092CD0E1092AC
:10853000CE0E1092CF0E1092D00E1092D10E10923D
:10854000D20E1092D30E84ED9EE00E942EBF1092A8
:10855000760E1092770E1092780E1092790E10927D
:108560007A0E10927B0E10927C0E10927D0E10925D
:108570007E0E10927F0E1092800E1092810E10923D
:10858000820E1092830E1092840E1092850E10921D
:10859000860E1092870E1092880E1092890E1092FD
:1085A0008A0E10928B0E10928C0E10928D0E1092DD
:1085B0008E0E10928F0E1092900E1092910E1092BD
:1085C000920E1092930E1092940E1092950ED093DC
:1085D000970EC093960E1092980E1092990E1092CC
:1085E0009A0E10929B0E10929C0E10929D0E10925D
:1085F0009E0E10929F0E80EA9EE00E942EBF85E59F
:108600009CE00E943ABF84E39AE0DF91CF911F91F2
:108610000F910C943ABFCF93DF93CDB7DEB7649739
:108620000FB6F894DEBF0FBECDBF20918B073091FF
:108630008C072230310501F52091890730918A0796
:108640002D363105C8F0FE0135962EE0DF011D9272
:108650002A95E9F72AE0298326E431E03B832A833F
:1086600023E02C8329E02D8321E02A8B9C8B8B8BAC
:10867000CE0101960E94907B64960FB6F894DEBFFF
:108680000FBECDBFDF91CF910895CF93DF93CDB7CC
:10869000DEB764970FB6F894DEBF0FBECDBFFE0104
:1086A000359620E1DF011D922A95E9F728E029831C
:1086B0009B838A8383E08C8382E08D83CE01019645
:1086C0000E94907B64960FB6F894DEBF0FBECDBFBC
:1086D000DF91CF9108958F929F92AF92BF92CF92E8
:1086E000DF92EF92FF92CF93DF93EC016881798163
:1086F0008A819B81611571058105910521F464E2F0
:1087000079ED8BE597E02DE133EF41E050E00E94F9
:1087100083C549015A019B01AC01A7EAB1E40E945B
:10872000A2C56B017C01ACEEB4EFA50194010E94DF
:10873000B0C5C60ED71EE81EF91EF7FE06C081E0C2
:10874000C81AD108E10880E8F80AC882D982EA820A
:10875000FB82C701B6019F77DF91CF91FF90EF9029
:10876000DF90CF90BF90AF909F908F9008958F92A1
:108770009F92AF92BF92CF92DF92EF92FF92609161
:10878000E2027091E3028091E4029091E5026115AA
:1087900071058105910521F464E279ED8BE597E09F
:1087A0002DE133EF41E050E00E9483C549015A01B9
:1087B0009B01AC01A7EAB1E40E94A2C56B017C0158
:1087C000ACEEB4EFA50194010E94B0C5C60ED71E51
:1087D000E81EF91EF7FE06C081E0C81AD108E108BC
:1087E00080E8F80AC092E202D092E302E092E4024A
:1087F000F092E502C701B6019F77FF90EF90DF90FE
:10880000CF90BF90AF909F908F9008956093E202B9
:108810007093E3028093E4029093E5020895FB01D4
:10882000DC0105900D920020E1F70895FC01059010
:108830000020E9F7809590958E0F9F1F0895BB2724
:10884000FB015527AA27880F991FAA1FA41710F00C
:10885000A41B83955051B9F7A05DAA3308F0A95D18
:10886000A193009779F7B111B1931192CB010C94B8
:1088700039C4DC01FC01672F71917723E1F732974E
:1088800004C07C916D9370836291AE17BF07C8F3EB
:1088900008950E948BC408F481E00895E89409C00B
:1088A00097FB3EF490958095709561957F4F8F4F23
:1088B0009F4F9923A9F0F92F96E9BB279395F69539
:1088C000879577956795B795F111F8CFFAF4BB0FB7
:1088D00011F460FF1BC06F5F7F4F8F4F9F4F16C01B
:1088E000882311F096E911C0772321F09EE8872FA5
:1088F000762F05C0662371F096E8862F70E060E061
:108900002AF09A95660F771F881FDAF7880F9695D9
:10891000879597F90895990F0008550FAA0BE0E87D
:10892000FEEF16161706E807F907C0F01216130631
:10893000E407F50798F0621B730B840B950B39F471
:108940000A2661F0232B242B252B21F408950A26D7
:1089500009F4A140A6958FEF811D811D08950E9405
:10896000C2C40C9433C50E9425C538F00E942CC5A2
:1089700020F0952311F00C941CC50C9422C51124F1
:108980000C9467C50E9444C570F3959FC1F3950F81
:1089900050E0551F629FF001729FBB27F00DB11D83
:1089A000639FAA27F00DB11DAA1F649F6627B00D13
:1089B000A11D661F829F2227B00DA11D621F739FFC
:1089C000B00DA11D621F839FA00D611D221F749F0A
:1089D0003327A00D611D231F849F600D211D822F51
:1089E000762F6A2F11249F5750409AF0F1F0882378
:1089F0004AF0EE0FFF1FBB1F661F771F881F9150A5
:108A00005040A9F79E3F510580F00C941CC50C9472
:108A100067C55F3FE4F3983ED4F3869577956795F5
:108A2000B795F795E7959F5FC1F7FE2B880F911DCE
:108A30009695879597F9089597F99F6780E870E074
:108A400060E008959FEF80EC089500240A941616C4
:108A5000170618060906089500240A94121613062C
:108A6000140605060895092E0394000C11F48823BA
:108A700052F0BB0F40F4BF2B11F460FF04C06F5FD6
:108A80007F4F8F4F9F4F089557FD9058440F551FAC
:108A900059F05F3F71F04795880F97FB991F61F080
:108AA0009F3F79F087950895121613061406551FF7
:108AB000F2CF4695F1DF08C0161617061806991F63
:108AC000F1CF86957105610508940895E894BB2758
:108AD00066277727CB0197F90895F999FECF92BDC4
:108AE00081BDF89A992780B50895262FF999FECF70
:108AF0001FBA92BD81BD20BD0FB6F894FA9AF99ABB
:108B00000FBE01960895052E97FB1EF400940E9457
:108B10009AC557FD07D00E94B5C507FC03D04EF497
:108B20000C949AC550954095309521953F4F4F4FE5
:108B30005F4F089590958095709561957F4F8F4F09
:108B40009F4F08950E94D7C5A59F900DB49F900D8B
:108B5000A49F800D911D11240895B7FF0C94A2C508
:108B60000E94A2C5821B930B0895A1E21A2EAA1B94
:108B7000BB1BFD010DC0AA1FBB1FEE1FFF1FA217CD
:108B8000B307E407F50720F0A21BB30BE40BF50BCA
:108B9000661F771F881F991F1A9469F76095709553
:108BA000809590959B01AC01BD01CF010895A29FD6
:108BB000B001B39FC001A39F700D811D1124911DB1
:108BC000B29F700D811D1124911D0895DB018F93BB
:108BD0009F930E94A2C5BF91AF91A29F800D911D4E
:108BE000A39F900DB29F900D11240895991B79E0D9
:108BF00004C0991F961708F0961B881F7A95C9F72D
:108C000080950895AA1BBB1B51E107C0AA1FBB1F7B
:108C1000A617B70710F0A61BB70B881F991F5A9508
:108C2000A9F780959095BC01CD01089597FB072E7B
:108C300016F4009407D077FD09D00E9402C607FC05
:108C400005D03EF4909581959F4F0895709561955C
:108C50007F4F0895EE0FFF1F881F8BBF0790F6917F
:108C6000E02D19940E94D7C5B7FF0895821B930B7E
:108C700008952A0D3B1D4C1D5D1D6E1D7F1D801F1F
:108C8000911F08952A193B094C095D096E097F0956
:108C9000800B910B08952A153B054C055D056E056B
:108CA0007F058007910708950024A7FD00942A17E7
:108CB0003005400550056005700580059005089554
:108CC0005058BB27AA270E9478C60C9433C50E942F
:108CD00025C538F00E942CC520F039F49F3F19F4C7
:108CE00026F40C9422C50EF4E095E7FB0C941CC509
:108CF000E92F0E9444C558F3BA1762077307840727
:108D0000950720F079F4A6F50C9466C50EF4E0956D
:108D10000B2EBA2FA02D0B01B90190010C01CA0135
:108D2000A0011124FF27591B99F0593F50F4503EE0
:108D300068F11A16F040A22F232F342F4427585FD2
:108D4000F3CF469537952795A795F0405395C9F7EA
:108D50007EF41F16BA0B620B730B840BBAF09150A2
:108D6000A1F0FF0FBB1F661F771F881FC2F70EC041
:108D7000BA0F621F731F841F48F487957795679514
:108D8000B795F7959E3F08F0B0CF9395880F08F000
:108D90009927EE0F9795879508950E9475C7E395DB
:108DA0000C949EC70E94E6C60C9433C50E942CC545
:108DB00058F00E9425C540F029F45F3F29F00C943B
:108DC0001CC551110C9467C50C9422C50E9444C562
:108DD00068F39923B1F3552391F3951B550BBB27EA
:108DE000AA2762177307840738F09F5F5F4F220F2F
:108DF000331F441FAA1FA9F335D00E2E3AF0E0E826
:108E000032D091505040E695001CCAF72BD0FE2F6F
:108E100029D0660F771F881FBB1F26173707480703
:108E2000AB07B0E809F0BB0B802DBF01FF279358BB
:108E30005F4F3AF09E3F510578F00C941CC50C949E
:108E400067C55F3FE4F3983ED4F3869577956795C1
:108E5000B795F7959F5FC9F7880F911D96958795F0
:108E600097F90895E1E0660F771F881FBB1F62170F
:108E700073078407BA0720F0621B730B840BBA0BCD
:108E8000EE1F88F7E09508950E944CC588F09F5723
:108E900098F0B92F9927B751B0F0E1F0660F771F1E
:108EA000881F991F1AF0BA95C9F714C0B13091F014
:108EB0000E9466C5B1E008950C9466C5672F782FAF
:108EC0008827B85F39F0B93FCCF3869577956795D9
:108ED000B395D9F73EF490958095709561957F4F45
:108EE0008F4F9F4F08950C9422C50E944CC5D8F314
:108EF000E894E0E0BB279F57F0F02AED3FE049EC13
:108F000006C0EE0FBB0F661F771F881F28F0B23A0E
:108F100062077307840728F0B25A620B730B840B45
:108F2000E3959A9572F7803830F49A95BB0F661FD7
:108F3000771F881FD2F790480C9491C8EF93E0FFF9
:108F400007C0A2EA2AED3FE049EC5FEB0E9478C639
:108F50000E9433C50F90039401FC9058E4EEF0E0BA
:108F60000C94CBC80E948BC408F48FEF0895FA01CB
:108F7000EE0FFF1F309621053105A1F16115710536
:108F800061F48038BFE39B0749F16894903881050C
:108F900061F08038BFEF9B0741F099234AF5FF3F0E
:108FA000E1053105210519F1E8940894E795D90107
:108FB000AA2329F4AB2FBE2FF85FD0F310C0FF5FB8
:108FC00070F4A695E0F7F73950F019F0FF3A38F44D
:108FD0009F779F930DD00F9007FC9058089546F00F
:108FE0000C9422C560E070E080E89FE308954FE7AD
:108FF0009F775F934F933F932F930E9429C92F919F
:109000003F914F915F910E94AFC40C945DC89F93B4
:109010000E9475C70F9007FCEE5F0C949EC719F471
:1090200016F40C9422C50C948FC80E944CC5B8F35A
:109030009923C9F3B6F39F57550B87FF0E949DC82C
:109040000024A0E640EA900180585695979528F4B0
:10905000805C660F771F881F20F0261737074807A8
:1090600030F4621B730B840B202931294A2BA695FF
:1090700017940794202531254A2758F7660F771F44
:10908000881F20F026173707480730F4620B730B50
:10909000840B200D311D411DA09581F7B901842F4E
:1090A0009158880F96958795089529F416F00C9499
:1090B0001CC50C9466C50C9422C50E944CC5A8F32F
:1090C0009638A0F707F80F92E8942BE33AEA48EBBA
:1090D0005FE70E94C5C40F920F920F924DB75EB723
:1090E0000F920E9471C9E2E0F1E00E94A4C84F9182
:1090F0005F91EF91FF91E595EE1FFF1F49F0FE573D
:10910000E0684427EE0F441FFA95E1F74195550BAF
:109110000E94EBC80F9007FE0C94DFC808959F3F94
:1091200031F0915020F4879577956795B795880F22
:10913000911D9695879597F9089591505040660F27
:10914000771F881FD2F70895DF93CF931F930F9354
:10915000FF92EF92DF927B018C01689406C0DA2EB9
:10916000EF010E94C2C4FE01E894A59125913591BA
:1091700045915591A6F3EF010E9478C6FE01970133
:10918000A801DA9469F7DF90EF90FF900F911F919B
:10919000CF91DF9108959F938F937F936F93FF9368
:1091A000EF939B01AC010E94AFC4EF91FF910E942D
:1091B000A4C82F913F914F915F910C94AFC49B0134
:1091C000AC0160E070E080E89FE30C94D2C60C94A0
:1091D0001CC50C948FC80E944CC5D8F39923C9F3C1
:1091E000940F511DA3F39150504094F059F08823EF
:1091F00032F0660F771F881F91505040C1F79E3F95
:1092000051052CF7880F911D9695879597F908952C
:109210005F3FACF0983E9CF0BB27869577956795AD
:10922000B79508F4B1609395C1F7BB0F58F711F4E7
:1092300060FFE8CF6F5F7F4F8F4F9F4FE3CF0C945E
:1092400067C516F00C948FC80C9422C568940C94D2
:109250001CC50E944CC5A8F39923C1F3AEF3DF935C
:10926000CF931F930F93FF92C92FDD2788232AF0F6
:109270002197660F771F881FDAF720E030E040E87B
:109280005FEB9FE3883920F0803E38F021968F779E
:109290000E9461C6EAE2F1E004C00E9461C6E7E50F
:1092A000F1E00E94A4C88B01BE01EC01FB2E6F57B8
:1092B00071097595771F880B990B0E9450C428E19E
:1092C00032E741E35FE30E94C2C4AF2D9801AE01D3
:1092D000FF900F911F91CF91DF910E9478C60C945F
:1092E00033C5FA01DC01AA0FBB1F9B01AC01BF57BC
:1092F00028F4222733274427507820C0B75190F410
:10930000AB2F0024469537952795011CA395D2F3E2
:10931000002071F0220F331F441FB395DAF30ED0F3
:109320000C9460C661307105A0E88A07B94630F434
:109330009B01AC016627772788279078309621F02B
:10934000208331834283538308950F931F93CF93D8
:10935000DF938230910510F482E090E0E091A5194E
:10936000F091A61930E020E0B0E0A0E0309799F449
:109370002115310509F44AC0281B390B2430310569
:10938000D8F58A819B816115710589F1FB01938371
:109390008283FE0111C040815181028113814817EF
:1093A0005907E0F04817590799F4109761F01296A1
:1093B0000C93129713961C933296CF01DF91CF91A5
:1093C0001F910F9108950093A5191093A619F4CF3A
:1093D0002115310551F04217530738F0A901DB017F
:1093E0009A01BD01DF01F801C1CFEF01F9CF9093E0
:1093F000A6198093A519CDCFFE01E20FF31F81932B
:1094000091932250310939832883D7CF2091A31912
:109410003091A419232B41F42091E8023091E90204
:109420003093A4192093A3192091E6023091E7020A
:109430002115310541F42DB73EB74091EA02509114
:10944000EB02241B350BE091A319F091A419E2174C
:10945000F307A0F42E1B3F0B2817390778F0AC0157
:109460004E5F5F4F2417350748F04E0F5F1F509334
:10947000A4194093A319819391939FCFF0E0E0E06A
:109480009CCFCF93DF930097E9F0FC0132971382D2
:109490001282A091A519B091A619ED0130E020E04B
:1094A0001097A1F420813181820F931F2091A3197D
:1094B0003091A4192817390709F061C0F093A41955
:1094C000E093A319DF91CF910895EA01CE17DF074A
:1094D000E8F54A815B819E0141155105B1F7E9012B
:1094E000FB83EA8349915991C40FD51FEC17FD07FF
:1094F00061F4808191810296840F951FE90199831F
:109500008883828193819B838A83F0E0E0E01296D6
:109510008D919C9113970097B9F52D913C911197DE
:10952000CD010296820F931F2091A3193091A419A7
:109530002817390739F6309751F51092A61910926D
:10954000A519B093A419A093A319BCCFD383C28348
:1095500040815181840F951FC817D90761F44E5F70
:109560005F4F88819981480F591F518340838A81B9
:109570009B81938382832115310509F0B0CFF0934D
:10958000A619E093A5199ECFFD01DC01C0CF13827F
:109590001282D7CF4F925F926F927F928F929F925B
:1095A000AF92BF92CF92DF92EF92FF920F931F93F1
:1095B000CF93DF938C01009799F4CB01DF91CF918A
:1095C0001F910F91FF90EF90DF90CF90BF90AF90E1
:1095D0009F908F907F906F905F904F900C94A5C953
:1095E000FC01E60FF71F9C0122503109E217F30737
:1095F00008F4AEC0D901CD91DC911197C617D707F9
:1096000020F1C530D10578F0CE0104978617970771
:1096100050F0C61BD70B2297C193D1936D937C93C7
:10962000CF010E9441CAC801DF91CF911F910F91D4
:10963000FF90EF90DF90CF90BF90AF909F908F9072
:109640007F906F905F904F9008955B01AC1ABD0AB8
:109650004C018C0E9D1EA091A519B091A619512CFC
:10966000412CF12CE12C109731F58091A3199091A8
:10967000A4198815990509F05CC04616570608F02C
:1096800058C08091E6029091E702009741F48DB7AF
:109690009EB74091EA025091EB02841B950BE817AC
:1096A000F90708F055C0F093A419E093A319F90144
:1096B00071836083B8CF8D919C91119712966C90B5
:1096C000129713967C901397A815B90559F56C015C
:1096D00042E0C40ED11CCA14DB0420F1AC014A19CB
:1096E0005B09DA011296159780F0628273825183CA
:1096F0004083D9016D937C93E114F10471F0D7019B
:109700001396FC93EE9312978ECF22968C0F9D1F8B
:10971000F90191838083F301EFCFF093A619E093D1
:10972000A51981CF4816590608F42C017D01D301F3
:109730009ACFCB010E94A5C97C01009749F0AE01E8
:10974000B8010E94B0CBC8010E9441CA87016BCF0B
:1097500010E000E068CF81E090E0F8940C94C0CB7A
:10976000FB01DC0102C001900D9241505040D8F73E
:109770000895FB01DC0101900D920020E1F70895AE
:1097800018E0CEE0D8E000E006C0802FFE010E9485
:109790002AC62196011DCF30D10780E00807A9F71E
:0497A000F894FFCF6B
:1097A4000101012806090104000000000005000071
:1097B400320000000064010264230200640101011C
:1097C4000101640104010100000000000002020222
:1097D4000202000000000002020202020000020273
:1097E400000000000004010000000000000101323C
:1097F4001C0000010100000000010104043200000B
:1098040000000000000000000C0202320000000012
:1098140001320C020232000000000D00020232008C
:109824000000000102000170178813A00FB80BD0CC
:1098340007F40101010101012C012C0101011E08A1
:1098440005FF010400000000000000000500000006
:10985400000100000032323200000000000000006D
:109864000000000000000000010010051E96000129
:10987400C8FEC8FEC8FE6464320101010101072765
:10988400240F010000000000A7198000000101005E
:1098940001000001010000010001010000000000BE
:1098A400BC1556155215844F0F15804F7D4F4F151B
:1098B400D81C00000000BC1556155415844F0F1514
:1098C400804F7D4F4F157E1A00000000A109A109A9
:1098D400A109844F0F15804F7D4F7A4FFE0102037B
:1098E40004050101010101010204081020400000E7
:1098F4000000000F09420888085C09B9089708AB02
:109904000800000000551428148414FE1321140EBA
:1099140014FF130D0A004552524F523A205354413A
:109924004C45205041434B4554004552524F523A06
:10993400205041594C4F41445F4552524F520045CB
:1099440052524F523A204352435F4552524F5200B3
:109954004552524F523A2053544F505F4259544546
:109964005F4552524F52004552524F523A20556E63
:10997400646566696E6564207374617465200000B3
:00000001FF
